journal,quartile
ACADEMIC MEDICINE,1
Academy of Management Annals,1
ACADEMY OF MANAGEMENT JOURNAL,1
ACADEMY OF MANAGEMENT REVIEW,1
ACCIDENT ANALYSIS AND PREVENTION,1
ACCOUNTS OF CHEMICAL RESEARCH,1
Accounts of Materials Research,1
ACM COMPUTING SURVEYS,1
ACM Transactions on Computer-Human Interaction,1
ACM TRANSACTIONS ON GRAPHICS,1
ACM TRANSACTIONS ON SOFTWARE ENGINEERING AND METHODOLOGY,1
Across Languages and Cultures,1
ACS Catalysis,1
ACS Central Science,1
ACS Energy Letters,1
ACS Macro Letters,1
ACS Nano,1
ACS Photonics,1
ACS Sensors,1
ACS Sustainable Chemistry & Engineering,1
Acta Biomaterialia,1
Acta Geotechnica,1
ACTA MATERIALIA,1
ACTA MATHEMATICA,1
ACTA MUSICOLOGICA,1
ACTA NEUROPATHOLOGICA,1
Acta Neuropathologica Communications,1
ACTA NUMERICA,1
Acta Pharmaceutica Sinica B,1
Acta Physiologica,1
Active Learning in Higher Education,1
Additive Manufacturing,1
ADMINISTRATIVE SCIENCE QUARTERLY,1
Advanced Composites and Hybrid Materials,1
ADVANCED DRUG DELIVERY REVIEWS,1
Advanced Energy Materials,1
ADVANCED ENGINEERING INFORMATICS,1
Advanced Fiber Materials,1
ADVANCED FUNCTIONAL MATERIALS,1
Advanced Industrial and Engineering Polymer Research,1
ADVANCED MATERIALS,1
ADVANCED NONLINEAR STUDIES,1
Advanced Photonics,1
Advanced Powder Materials,1
Advanced Science,1
Advances in Applied Energy,1
Advances in Archaeological Practice,1
ADVANCES IN ATMOSPHERIC SCIENCES,1
Advances in Climate Change Research,1
ADVANCES IN COLLOID AND INTERFACE SCIENCE,1
Advances in Geo-Energy Research,1
ADVANCES IN MATHEMATICS,1
Advances in Methods and Practices in Psychological Science,1
Advances in Nonlinear Analysis,1
Advances in Optics and Photonics,1
ADVANCES IN PHYSICS,1
Aerospace Science and Technology,1
AGEING RESEARCH REVIEWS,1
Aggregate,1
AGING CELL,1
AGRICULTURAL AND FOREST METEOROLOGY,1
AGRICULTURAL SYSTEMS,1
Agricultural Water Management,1
AGRICULTURE ECOSYSTEMS & ENVIRONMENT,1
Agronomy for Sustainable Development,1
AGU Advances,1
Algebraic Geometry,1
ALIMENTARY PHARMACOLOGY & THERAPEUTICS,1
ALLERGY,1
Alzheimers & Dementia,1
Alzheimers Research & Therapy,1
AMERICAN ANTHROPOLOGIST,1
AMERICAN ANTIQUITY,1
American Economic Journal-Applied Economics,1
American Economic Journal-Economic Policy,1
American Economic Journal-Macroeconomics,1
AMERICAN ECONOMIC REVIEW,1
American Economic Review-Insights,1
AMERICAN EDUCATIONAL RESEARCH JOURNAL,1
AMERICAN ETHNOLOGIST,1
AMERICAN HISTORICAL REVIEW,1
AMERICAN JOURNAL OF BIOETHICS,1
AMERICAN JOURNAL OF CLINICAL DERMATOLOGY,1
AMERICAN JOURNAL OF CLINICAL NUTRITION,1
AMERICAN JOURNAL OF GASTROENTEROLOGY,1
AMERICAN JOURNAL OF HEMATOLOGY,1
AMERICAN JOURNAL OF HUMAN GENETICS,1
AMERICAN JOURNAL OF KIDNEY DISEASES,1
AMERICAN JOURNAL OF MATHEMATICS,1
AMERICAN JOURNAL OF OBSTETRICS AND GYNECOLOGY,1
AMERICAN JOURNAL OF OPHTHALMOLOGY,1
AMERICAN JOURNAL OF POLITICAL SCIENCE,1
AMERICAN JOURNAL OF PSYCHIATRY,1
AMERICAN JOURNAL OF RESPIRATORY AND CRITICAL CARE MEDICINE,1
AMERICAN JOURNAL OF SOCIOLOGY,1
AMERICAN JOURNAL OF SPORTS MEDICINE,1
AMERICAN JOURNAL OF SURGICAL PATHOLOGY,1
AMERICAN JOURNAL OF TRANSPLANTATION,1
AMERICAN POLITICAL SCIENCE REVIEW,1
AMERICAN PSYCHOLOGIST,1
AMERICAN SOCIOLOGICAL REVIEW,1
AMERICAS,1
ANAESTHESIA,1
Analysis & PDE,1
Analytic Methods in Accident Research,1
ANALYTICAL CHEMISTRY,1
Ancient Mesoamerica,1
ANESTHESIOLOGY,1
ANGEWANDTE CHEMIE-INTERNATIONAL EDITION,1
ANGIOGENESIS,1
Animal,1
Animal Nutrition,1
ANNALES SCIENTIFIQUES DE L ECOLE NORMALE SUPERIEURE,1
ANNALS OF EMERGENCY MEDICINE,1
Annals of Intensive Care,1
ANNALS OF INTERNAL MEDICINE,1
ANNALS OF MATHEMATICS,1
ANNALS OF NEUROLOGY,1
ANNALS OF ONCOLOGY,1
Annals of PDE,1
ANNALS OF PROBABILITY,1
ANNALS OF SCIENCE,1
ANNALS OF STATISTICS,1
ANNALS OF SURGERY,1
ANNALS OF THE RHEUMATIC DISEASES,1
ANNALS OF TOURISM RESEARCH,1
Annual Review of Animal Biosciences,1
Annual Review of Anthropology,1
Annual Review of Applied Linguistics,1
Annual Review of Astronomy and Astrophysics,1
Annual Review of Biochemistry,1
Annual Review of Biomedical Engineering,1
Annual Review of Biophysics,1
Annual Review of Cell and Developmental Biology,1
Annual Review of Chemical and Biomolecular Engineering,1
Annual Review of Clinical Psychology,1
Annual Review of Control Robotics and Autonomous Systems,1
Annual Review of Criminology,1
Annual Review of Earth and Planetary Sciences,1
Annual Review of Ecology Evolution and Systematics,1
Annual Review of Economics,1
Annual Review of Entomology,1
Annual Review of Environment and Resources,1
Annual Review of Fluid Mechanics,1
Annual Review of Food Science and Technology,1
Annual Review of Genetics,1
Annual Review of Genomics and Human Genetics,1
Annual Review of Immunology,1
Annual Review of Linguistics,1
Annual Review of Marine Science,1
Annual Review of Materials Research,1
Annual Review of Medicine,1
Annual Review of Microbiology,1
Annual Review of Neuroscience,1
Annual Review of Nutrition,1
Annual Review of Organizational Psychology and Organizational Behavior,1
Annual Review of Pathology-Mechanisms of Disease,1
Annual Review of Pharmacology and Toxicology,1
Annual Review of Physical Chemistry,1
Annual Review of Physiology,1
Annual Review of Phytopathology,1
Annual Review of Plant Biology,1
Annual Review of Political Science,1
Annual Review of Psychology,1
Annual Review of Public Health,1
Annual Review of Sociology,1
Annual Review of Statistics and Its Application,1
Annual Review of Virology,1
ANTIPODE,1
ANTIQUITY,1
Applied Catalysis B-Environment and Energy,1
APPLIED ENERGY,1
APPLIED LINGUISTICS,1
Applied Mechanics Reviews,1
ARCHIVE FOR RATIONAL MECHANICS AND ANALYSIS,1
ARCHIVES OF COMPUTATIONAL METHODS IN ENGINEERING,1
Art & Perception,1
ART BULLETIN,1
ARTERIOSCLEROSIS THROMBOSIS AND VASCULAR BIOLOGY,1
Arthritis & Rheumatology,1
Artificial Intelligence in Agriculture,1
ARTIFICIAL INTELLIGENCE REVIEW,1
Asian Journal of Pharmaceutical Sciences,1
Assessing Writing,1
ASTRONOMY AND ASTROPHYSICS REVIEW,1
Astrophysical Journal Letters,1
ATMOSPHERIC CHEMISTRY AND PHYSICS,1
AUSTRALASIAN JOURNAL OF PHILOSOPHY,1
AUTISM,1
Autism in Adulthood,1
AUTOIMMUNITY REVIEWS,1
AUTOMATION IN CONSTRUCTION,1
Autophagy,1
Avian Research,1
BASIC RESEARCH IN CARDIOLOGY,1
Bayesian Analysis,1
BEHAVIORAL AND BRAIN SCIENCES,1
BEHAVIOUR RESEARCH AND THERAPY,1
Big Data & Society,1
Big Data Mining and Analytics,1
Big Earth Data,1
Bio-Design and Manufacturing,1
Bioactive Materials,1
Biochar,1
Biofuel Research Journal-BRJ,1
BIOLOGICAL CONSERVATION,1
Biological Psychiatry,1
BIOLOGICAL REVIEWS,1
BIOMACROMOLECULES,1
BIOMATERIALS,1
BIOMETRIKA,1
BIORESOURCE TECHNOLOGY,1
BIOSCIENCE,1
BIOSENSORS & BIOELECTRONICS,1
BIOTECHNOLOGY ADVANCES,1
BLOOD,1
Blood Advances,1
Blood Cancer Discovery,1
Blood Cancer Journal,1
BMC Medical Ethics,1
BMC Medicine,1
BMJ Global Health,1
BMJ Medicine,1
BMJ Mental Health,1
BMJ Quality & Safety,1
BMJ-British Medical Journal,1
Body Image,1
Bone & Joint Journal,1
Bone & Joint Research,1
Bone Research,1
Bottom Line,1
BRAIN,1
BRAIN BEHAVIOR AND IMMUNITY,1
Brain Stimulation,1
British Journal for the History of Philosophy,1
BRITISH JOURNAL FOR THE HISTORY OF SCIENCE,1
BRITISH JOURNAL FOR THE PHILOSOPHY OF SCIENCE,1
BRITISH JOURNAL OF AESTHETICS,1
BRITISH JOURNAL OF ANAESTHESIA,1
BRITISH JOURNAL OF DERMATOLOGY,1
BRITISH JOURNAL OF EDUCATIONAL TECHNOLOGY,1
BRITISH JOURNAL OF POLITICAL SCIENCE,1
BRITISH JOURNAL OF PSYCHIATRY,1
BRITISH JOURNAL OF SOCIAL PSYCHOLOGY,1
BRITISH JOURNAL OF SOCIOLOGY,1
BRITISH JOURNAL OF SPORTS MEDICINE,1
British Journal of Surgery,1
BUILDING AND ENVIRONMENT,1
Building Simulation,1
Bulletin of the History of Archaeology,1
Bulletin of the Peabody Museum of Natural History,1
BUSINESS ETHICS QUARTERLY,1
Business Strategy and the Environment,1
CA-A CANCER JOURNAL FOR CLINICIANS,1
CAAI Transactions on Intelligence Technology,1
CALCULUS OF VARIATIONS AND PARTIAL DIFFERENTIAL EQUATIONS,1
CAMBRIDGE ARCHAEOLOGICAL JOURNAL,1
Cambridge Journal of Mathematics,1
Cambridge Journal of Regions Economy and Society,1
CANADIAN JOURNAL OF PHILOSOPHY,1
CANADIAN MEDICAL ASSOCIATION JOURNAL,1
CANCER,1
CANCER CELL,1
Cancer Communications,1
Cancer Discovery,1
Cancer Immunology Research,1
CANCER LETTERS,1
CANCER RESEARCH,1
CANCER TREATMENT REVIEWS,1
Carbohydrate Polymers,1
Carbon Energy,1
Cardiovascular Diabetology,1
CARDIOVASCULAR RESEARCH,1
CATENA,1
CCS Chemistry,1
CELL,1
Cell Chemical Biology,1
Cell Death & Disease,1
CELL DEATH AND DIFFERENTIATION,1
Cell Discovery,1
Cell Genomics,1
Cell Host & Microbe,1
Cell Metabolism,1
CELL PROLIFERATION,1
Cell Reports,1
Cell Reports Medicine,1
CELL RESEARCH,1
Cell Stem Cell,1
Cell Systems,1
CELLULAR & MOLECULAR BIOLOGY LETTERS,1
Cellular & Molecular Immunology,1
Cellular and Molecular Gastroenterology and Hepatology,1
CEMENT & CONCRETE COMPOSITES,1
CEMENT AND CONCRETE RESEARCH,1
CHAOS SOLITONS & FRACTALS,1
Chem,1
Chem Catalysis,1
Chemical Engineering Journal,1
CHEMICAL REVIEWS,1
Chemical Science,1
CHEMICAL SOCIETY REVIEWS,1
CHEST,1
CHILD DEVELOPMENT,1
Child Development Perspectives,1
China Finance Review International,1
CHINESE CHEMICAL LETTERS,1
Chinese Journal of Aeronautics,1
Chinese Journal of Catalysis,1
CHINESE JOURNAL OF CHEMISTRY,1
Chinese Journal of International Politics,1
CHINESE PHYSICS LETTERS,1
Chinese Political Science Review,1
Chinese Science Bulletin-Chinese,1
CIRCULATION,1
CIRCULATION RESEARCH,1
Circulation-Arrhythmia and Electrophysiology,1
Circulation-Cardiovascular Imaging,1
Circulation-Cardiovascular Interventions,1
Circulation-Cardiovascular Quality and Outcomes,1
Circulation-Heart Failure,1
CITIES,1
CLADISTICS,1
CLASSICAL ANTIQUITY,1
Climate Risk Management,1
Clinical and Molecular Hepatology,1
CLINICAL CANCER RESEARCH,1
CLINICAL CHILD AND FAMILY PSYCHOLOGY REVIEW,1
Clinical Gastroenterology and Hepatology,1
Clinical Journal of the American Society of Nephrology,1
CLINICAL MICROBIOLOGY REVIEWS,1
CLINICAL NUTRITION,1
CLINICAL ORAL IMPLANTS RESEARCH,1
CLINICAL PSYCHOLOGY REVIEW,1
CLINICAL REVIEWS IN ALLERGY & IMMUNOLOGY,1
Cliometrica,1
CNS DRUGS,1
CoDesign-International Journal of CoCreation in Design and the Arts,1
COGNITIVE LINGUISTICS,1
COGNITIVE PSYCHOLOGY,1
Cold Spring Harbor Perspectives in Biology,1
COLUMBIA LAW REVIEW,1
Combustion and Flame,1
COMMENTARII MATHEMATICI HELVETICI,1
Communication & Sport,1
Communication Methods and Measures,1
COMMUNICATION RESEARCH,1
COMMUNICATION THEORY,1
Communications Biology,1
Communications Chemistry,1
Communications Earth & Environment,1
Communications in Transportation Research,1
COMMUNICATIONS ON PURE AND APPLIED MATHEMATICS,1
Communications Physics,1
COMPARATIVE EDUCATION,1
Comparative Migration Studies,1
COMPARATIVE POLITICAL STUDIES,1
COMPARATIVE STUDIES IN SOCIETY AND HISTORY,1
COMPOSITES PART B-ENGINEERING,1
COMPOSITIO MATHEMATICA,1
COMPREHENSIVE REVIEWS IN FOOD SCIENCE AND FOOD SAFETY,1
Computer Assisted Language Learning,1
COMPUTER METHODS IN APPLIED MECHANICS AND ENGINEERING,1
Computer Science Review,1
COMPUTER-AIDED CIVIL AND INFRASTRUCTURE ENGINEERING,1
COMPUTERS & EDUCATION,1
COMPUTERS AND ELECTRONICS IN AGRICULTURE,1
COMPUTERS AND GEOTECHNICS,1
COMPUTERS ENVIRONMENT AND URBAN SYSTEMS,1
COMPUTERS IN HUMAN BEHAVIOR,1
COMPUTERS IN INDUSTRY,1
CONSERVATION BIOLOGY,1
Conservation Letters,1
Construction and Building Materials,1
CONTACT DERMATITIS,1
CONTEMPORARY EDUCATIONAL PSYCHOLOGY,1
Contemporary European History,1
Contemporary Security Policy,1
COORDINATION CHEMISTRY REVIEWS,1
CORROSION SCIENCE,1
CRIMINOLOGY,1
Criminology & Public Policy,1
CRITICAL CARE,1
CRITICAL CARE MEDICINE,1
Critical Perspectives on Accounting,1
CRITICAL REVIEWS IN ENVIRONMENTAL SCIENCE AND TECHNOLOGY,1
Crop Journal,1
CULTURAL ANTHROPOLOGY,1
CURRENT BIOLOGY,1
Current Climate Change Reports,1
CURRENT DIRECTIONS IN PSYCHOLOGICAL SCIENCE,1
Current Forestry Reports,1
Current Issues in Language Planning,1
Current Obesity Reports,1
Current Opinion in Environmental Sustainability,1
Current Opinion in Food Science,1
Current Opinion in Insect Science,1
Current Research in Food Science,1
Cyborg and Bionic Systems,1
DANCE RESEARCH JOURNAL,1
Data Science and Engineering,1
Dead Sea Discoveries,1
Defence Technology,1
Democratization,1
DEMOGRAPHY,1
DENTAL MATERIALS,1
Design Studies,1
DEVELOPMENTAL CELL,1
DEVELOPMENTAL REVIEW,1
DEVELOPMENTAL SCIENCE,1
DIABETES CARE,1
DIABETOLOGIA,1
Dialogues in Human Geography,1
Digital Journalism,1
DISCOURSE & SOCIETY,1
Discourse Context & Media,1
DIVERSITY AND DISTRIBUTIONS,1
DRUG RESISTANCE UPDATES,1
DRUGS,1
DUKE MATHEMATICAL JOURNAL,1
EARLY CHILDHOOD RESEARCH QUARTERLY,1
Early Medieval Europe,1
EARLY MUSIC,1
EARTH AND PLANETARY SCIENCE LETTERS,1
Earth System Governance,1
Earth System Science Data,1
EARTH-SCIENCE REVIEWS,1
Earths Future,1
EBioMedicine,1
EClinicalMedicine,1
ECOGRAPHY,1
Ecological Indicators,1
ECOLOGY LETTERS,1
ECONOMETRICA,1
ECONOMIC GEOGRAPHY,1
ECONOMIC GEOLOGY,1
ECONOMIC HISTORY REVIEW,1
EDUCATIONAL PSYCHOLOGIST,1
EDUCATIONAL PSYCHOLOGY REVIEW,1
Educational Research Review,1
Educational Researcher,1
Electrochemical Energy Reviews,1
eLife,1
eLight,1
EMBO JOURNAL,1
EMBO Molecular Medicine,1
EMBO REPORTS,1
Emerging Microbes & Infections,1
ENDOCRINE PATHOLOGY,1
ENDOCRINE REVIEWS,1
Endoscopic Ultrasound,1
ENDOSCOPY,1
Energy,1
Energy & Environmental Materials,1
Energy & Environmental Science,1
ENERGY CONVERSION AND MANAGEMENT,1
Energy Economics,1
Energy Material Advances,1
Energy Storage Materials,1
EnergyChem,1
Engineered Science,1
ENGINEERING APPLICATIONS OF ARTIFICIAL INTELLIGENCE,1
Engineering Applications of Computational Fluid Mechanics,1
ENGINEERING GEOLOGY,1
ENGINEERING STRUCTURES,1
ENGLISH FOR SPECIFIC PURPOSES,1
ENTOMOLOGIA GENERALIS,1
Environment and Planning A-Economy and Space,1
ENVIRONMENT AND PLANNING D-SOCIETY & SPACE,1
ENVIRONMENT INTERNATIONAL,1
Environmental Chemistry and Ecotoxicology,1
ENVIRONMENTAL HEALTH PERSPECTIVES,1
Environmental Impact Assessment Review,1
ENVIRONMENTAL POLITICS,1
ENVIRONMENTAL SCIENCE & TECHNOLOGY,1
Environmental Science and Ecotechnology,1
ENVIRONMENTAL VALUES,1
EPILEPSIA,1
Episteme-A Journal of Individual and Social Epistemology,1
eScience,1
ESMO Open,1
Estetika-The European Journal of Aesthetics,1
ETHICS,1
Ethnoarchaeology,1
eTransportation,1
EuroIntervention,1
EUROPACE,1
EUROPEAN HEART JOURNAL,1
European Heart Journal-Cardiovascular Imaging,1
EUROPEAN JOURNAL OF AGRONOMY,1
EUROPEAN JOURNAL OF CANCER,1
EUROPEAN JOURNAL OF HEART FAILURE,1
EUROPEAN JOURNAL OF INTERNATIONAL RELATIONS,1
European Journal of International Security,1
EUROPEAN JOURNAL OF NUCLEAR MEDICINE AND MOLECULAR IMAGING,1
EUROPEAN JOURNAL OF PERSONALITY,1
EUROPEAN JOURNAL OF POLITICAL RESEARCH,1
European Journal of Preventive Cardiology,1
European Journal of Psychology Applied to Legal Context,1
EUROPEAN JOURNAL OF VASCULAR AND ENDOVASCULAR SURGERY,1
European Physical Education Review,1
European Political Science Review,1
EUROPEAN RESPIRATORY JOURNAL,1
European Respiratory Review,1
European Review of Social Psychology,1
European Security,1
EUROPEAN SOCIOLOGICAL REVIEW,1
EUROPEAN UNION POLITICS,1
EUROPEAN UROLOGY,1
European Urology Oncology,1
EVOLUTION AND HUMAN BEHAVIOR,1
Evolution Letters,1
EVOLUTIONARY ANTHROPOLOGY,1
Experimental and Computational Multiphase Flow,1
EXPERIMENTAL AND MOLECULAR MEDICINE,1
EXPERT SYSTEMS WITH APPLICATIONS,1
EXPLORATIONS IN ECONOMIC HISTORY,1
Facta Universitatis-Series Mechanical Engineering,1
FEMS MICROBIOLOGY REVIEWS,1
FERTILITY AND STERILITY,1
FIELD CROPS RESEARCH,1
Film-Philosophy,1
Financial Innovation,1
FISH AND FISHERIES,1
Food Chemistry,1
Food Chemistry-X,1
FOOD CONTROL,1
Food Frontiers,1
FOOD HYDROCOLLOIDS,1
FOOD MICROBIOLOGY,1
Food Packaging and Shelf Life,1
FOOD POLICY,1
Food Quality and Preference,1
FOOD RESEARCH INTERNATIONAL,1
Food Science and Human Wellness,1
Forest Ecosystems,1
Forest Policy and Economics,1
Forum of Mathematics Pi,1
Foundations and Trends in Information Retrieval,1
Foundations and Trends in Machine Learning,1
Foundations and Trends in Systems and Control,1
FOUNDATIONS OF COMPUTATIONAL MATHEMATICS,1
Friction,1
FRONTIERS IN ECOLOGY AND THE ENVIRONMENT,1
Frontiers of Architectural Research,1
Frontiers of Engineering Management,1
Fudan Journal of the Humanities and Social Sciences,1
FUNCTIONAL ECOLOGY,1
FUNGAL DIVERSITY,1
FUZZY SETS AND SYSTEMS,1
Gastroenterology,1
GASTROINTESTINAL ENDOSCOPY,1
GENDER & SOCIETY,1
GENDER WORK AND ORGANIZATION,1
GENES & DEVELOPMENT,1
GENETICS IN MEDICINE,1
GENETICS SELECTION EVOLUTION,1
GENOME BIOLOGY,1
Genome Medicine,1
GENOME RESEARCH,1
GEOCHIMICA ET COSMOCHIMICA ACTA,1
Geoderma,1
Geography and Sustainability,1
GEOLOGICAL SOCIETY OF AMERICA BULLETIN,1
GEOLOGY,1
GEOMETRIC AND FUNCTIONAL ANALYSIS,1
GEOMETRY & TOPOLOGY,1
Geopolitics,1
Geoscience Frontiers,1
GESTA-INTERNATIONAL CENTER OF MEDIEVAL ART,1
GIScience & Remote Sensing,1
GLOBAL AND PLANETARY CHANGE,1
GLOBAL BIOGEOCHEMICAL CYCLES,1
GLOBAL CHANGE BIOLOGY,1
GLOBAL ECOLOGY AND BIOGEOGRAPHY,1
GLOBAL ENVIRONMENTAL CHANGE-HUMAN AND POLICY DIMENSIONS,1
Global Food Security-Agriculture Policy Economics and Environment,1
Global Media and China,1
Gondwana Research,1
GOVERNMENT AND OPPOSITION,1
GOVERNMENT INFORMATION QUARTERLY,1
GPS SOLUTIONS,1
GREEN CHEMISTRY,1
Green Energy & Environment,1
Green Synthesis and Catalysis,1
GUT,1
Gut Microbes,1
HABITAT INTERNATIONAL,1
HAEMATOLOGICA,1
Hague Journal on the Rule of Law,1
HEALTH AFFAIRS,1
HEART RHYTHM,1
Hepatobiliary Surgery and Nutrition,1
HEPATOLOGY,1
Hepatology International,1
HESPERIA,1
High Power Laser Science and Engineering,1
HIGHER EDUCATION,1
HISTORICAL JOURNAL,1
HISTORICAL METHODS,1
HISTORY OF SCIENCE,1
Horticultural Plant Journal,1
Horticulture Research,1
HUMAN COMMUNICATION RESEARCH,1
HUMAN DEVELOPMENT,1
HUMAN REPRODUCTION,1
HUMAN REPRODUCTION UPDATE,1
HUMAN RESOURCE MANAGEMENT REVIEW,1
HUSSERL STUDIES,1
HYDROLOGY AND EARTH SYSTEM SCIENCES,1
HYPERTENSION,1
Ibsen Studies,1
IEEE Communications Surveys and Tutorials,1
IEEE Geoscience and Remote Sensing Magazine,1
IEEE JOURNAL OF SOLID-STATE CIRCUITS,1
IEEE JOURNAL ON SELECTED AREAS IN COMMUNICATIONS,1
IEEE Reviews in Biomedical Engineering,1
IEEE Transactions on Affective Computing,1
IEEE TRANSACTIONS ON ANTENNAS AND PROPAGATION,1
IEEE TRANSACTIONS ON CIRCUITS AND SYSTEMS FOR VIDEO TECHNOLOGY,1
IEEE Transactions on Cognitive Communications and Networking,1
IEEE Transactions on Cybernetics,1
IEEE TRANSACTIONS ON EVOLUTIONARY COMPUTATION,1
IEEE TRANSACTIONS ON FUZZY SYSTEMS,1
IEEE TRANSACTIONS ON GEOSCIENCE AND REMOTE SENSING,1
IEEE TRANSACTIONS ON IMAGE PROCESSING,1
IEEE TRANSACTIONS ON INDUSTRIAL ELECTRONICS,1
IEEE Transactions on Industrial Informatics,1
IEEE Transactions on Information Forensics and Security,1
IEEE Transactions on Intelligent Vehicles,1
IEEE TRANSACTIONS ON KNOWLEDGE AND DATA ENGINEERING,1
IEEE TRANSACTIONS ON MEDICAL IMAGING,1
IEEE TRANSACTIONS ON MICROWAVE THEORY AND TECHNIQUES,1
IEEE TRANSACTIONS ON MOBILE COMPUTING,1
IEEE TRANSACTIONS ON MULTIMEDIA,1
IEEE Transactions on Neural Networks and Learning Systems,1
IEEE TRANSACTIONS ON PATTERN ANALYSIS AND MACHINE INTELLIGENCE,1
IEEE TRANSACTIONS ON POWER ELECTRONICS,1
IEEE TRANSACTIONS ON POWER SYSTEMS,1
IEEE Transactions on Robotics,1
IEEE Transactions on Smart Grid,1
IEEE TRANSACTIONS ON SOFTWARE ENGINEERING,1
IEEE Transactions on Sustainable Energy,1
IEEE Transactions on Systems Man Cybernetics-Systems,1
IEEE Transactions on Transportation Electrification,1
IEEE TRANSACTIONS ON WIRELESS COMMUNICATIONS,1
IEEE-ASME TRANSACTIONS ON MECHATRONICS,1
IEEE-CAA Journal of Automatica Sinica,1
IMA Fungus,1
iMeta,1
Immunity,1
Implementation Science,1
INDUSTRIAL CROPS AND PRODUCTS,1
Infectious Disease Modelling,1
Infectious Diseases of Poverty,1
InfoMat,1
Information Communication & Society,1
Information Fusion,1
INFORMATION PROCESSING & MANAGEMENT,1
Information Processing in Agriculture,1
Innovation,1
Innovative Food Science & Emerging Technologies,1
INSECT BIOCHEMISTRY AND MOLECULAR BIOLOGY,1
Insect Science,1
Insect Systematics and Diversity,1
Integrative Zoology,1
INTENSIVE CARE MEDICINE,1
Intercultural Pragmatics,1
Interdisciplinary Materials,1
INTERNATIONAL AFFAIRS,1
INTERNATIONAL ENDODONTIC JOURNAL,1
International Journal of Applied Earth Observation and Geoinformation,1
International Journal of Behavioral Nutrition and Physical Activity,1
International Journal of Biological Sciences,1
International Journal of Coal Science & Technology,1
International Journal of Community Music,1
International Journal of Computer-Supported Collaborative Learning,1
International Journal of Contemporary Hospitality Management,1
International Journal of Educational Technology in Higher Education,1
International Journal of Extreme Manufacturing,1
INTERNATIONAL JOURNAL OF FOOD MICROBIOLOGY,1
INTERNATIONAL JOURNAL OF GEOGRAPHICAL INFORMATION SCIENCE,1
International Journal of Heritage Studies,1
International Journal of Hospitality Management,1
International Journal of Hydromechatronics,1
INTERNATIONAL JOURNAL OF INFORMATION MANAGEMENT,1
International Journal of Legal Discourse,1
INTERNATIONAL JOURNAL OF MACHINE TOOLS & MANUFACTURE,1
International Journal of Management Education,1
INTERNATIONAL JOURNAL OF MECHANICAL SCIENCES,1
International Journal of Mining Science and Technology,1
International Journal of Multilingualism,1
International Journal of Neural Systems,1
International Journal of Nursing Sciences,1
INTERNATIONAL JOURNAL OF NURSING STUDIES,1
International Journal of Oral Science,1
INTERNATIONAL JOURNAL OF PLASTICITY,1
International Journal of Press-Politics,1
INTERNATIONAL JOURNAL OF PRODUCTION ECONOMICS,1
INTERNATIONAL JOURNAL OF PROJECT MANAGEMENT,1
INTERNATIONAL JOURNAL OF RADIATION ONCOLOGY BIOLOGY PHYSICS,1
INTERNATIONAL JOURNAL OF ROCK MECHANICS AND MINING SCIENCES,1
International Journal of STEM Education,1
INTERNATIONAL JOURNAL OF URBAN AND REGIONAL RESEARCH,1
INTERNATIONAL MATERIALS REVIEWS,1
INTERNATIONAL ORGANIZATION,1
International Political Sociology,1
International Review of Sport and Exercise Psychology,1
INTERNATIONAL SECURITY,1
International Soil and Water Conservation Research,1
INTERNATIONAL STUDIES QUARTERLY,1
International Studies Review,1
Internet and Higher Education,1
Interpreter and Translator Trainer,1
Interpreting,1
INVENTIONES MATHEMATICAE,1
INVESTIGATIVE RADIOLOGY,1
ISME Journal,1
ISPRS JOURNAL OF PHOTOGRAMMETRY AND REMOTE SENSING,1
JACC-Basic to Translational Science,1
JACC-Cardiovascular Imaging,1
JACC-Cardiovascular Interventions,1
JACC-Clinical Electrophysiology,1
JACC-Heart Failure,1
JACC: CardioOncology,1
JACS Au,1
JAMA Cardiology,1
JAMA Dermatology,1
JAMA Health Forum,1
JAMA Internal Medicine,1
JAMA Network Open,1
JAMA Neurology,1
JAMA Oncology,1
JAMA Ophthalmology,1
JAMA Otolaryngology-Head & Neck Surgery,1
JAMA Pediatrics,1
JAMA Psychiatry,1
JAMA Surgery,1
JAMA-JOURNAL OF THE AMERICAN MEDICAL ASSOCIATION,1
JCI Insight,1
JCMS-Journal of Common Market Studies,1
JHEP Reports,1
JNCI-Journal of the National Cancer Institute,1
Joule,1
JOURNAL DE MATHEMATIQUES PURES ET APPLIQUEES,1
Journal for ImmunoTherapy of Cancer,1
JOURNAL FOR THE SCIENTIFIC STUDY OF RELIGION,1
Journal for the Study of Judaism,1
JOURNAL FUR DIE REINE UND ANGEWANDTE MATHEMATIK,1
JOURNAL OF ACCOUNTING & ECONOMICS,1
JOURNAL OF ACCOUNTING RESEARCH,1
Journal of Advanced Ceramics,1
Journal of Advanced Research,1
Journal of Aesthetics & Culture,1
JOURNAL OF AESTHETICS AND ART CRITICISM,1
JOURNAL OF AFRICAN HISTORY,1
JOURNAL OF AGRICULTURAL AND FOOD CHEMISTRY,1
JOURNAL OF ALLERGY AND CLINICAL IMMUNOLOGY,1
Journal of Allergy and Clinical Immunology-In Practice,1
Journal of Analysis and Testing,1
Journal of Animal Science and Biotechnology,1
JOURNAL OF ANTHROPOLOGICAL ARCHAEOLOGY,1
JOURNAL OF APPLIED BEHAVIOR ANALYSIS,1
JOURNAL OF APPLIED ECOLOGY,1
JOURNAL OF APPLIED PSYCHOLOGY,1
JOURNAL OF ARCHAEOLOGICAL METHOD AND THEORY,1
JOURNAL OF ARCHAEOLOGICAL RESEARCH,1
JOURNAL OF ARCHAEOLOGICAL SCIENCE,1
JOURNAL OF AUTOIMMUNITY,1
JOURNAL OF BIBLICAL LITERATURE,1
JOURNAL OF BIOMEDICAL SCIENCE,1
Journal of Bioresources and Bioproducts,1
JOURNAL OF BONE AND JOINT SURGERY-AMERICAN VOLUME,1
JOURNAL OF BONE AND MINERAL RESEARCH,1
JOURNAL OF BRITISH STUDIES,1
JOURNAL OF BUSINESS ETHICS,1
Journal of Business Research,1
JOURNAL OF BUSINESS VENTURING,1
Journal of Cachexia Sarcopenia and Muscle,1
JOURNAL OF CATALYSIS,1
JOURNAL OF CELL BIOLOGY,1
Journal of Chemical Theory and Computation,1
JOURNAL OF CHILD PSYCHOLOGY AND PSYCHIATRY,1
Journal of Chinese Political Science,1
Journal of Cleaner Production,1
JOURNAL OF CLINICAL CHILD AND ADOLESCENT PSYCHOLOGY,1
JOURNAL OF CLINICAL INVESTIGATION,1
JOURNAL OF CLINICAL ONCOLOGY,1
JOURNAL OF CLINICAL PERIODONTOLOGY,1
JOURNAL OF COLLOID AND INTERFACE SCIENCE,1
JOURNAL OF COMBINATORIAL THEORY SERIES B,1
JOURNAL OF COMMUNICATION,1
JOURNAL OF COMPUTER ASSISTED LEARNING,1
Journal of Computer-Mediated Communication,1
JOURNAL OF CONFLICT RESOLUTION,1
JOURNAL OF CONSULTING AND CLINICAL PSYCHOLOGY,1
JOURNAL OF CONTROLLED RELEASE,1
JOURNAL OF CORPORATE FINANCE,1
JOURNAL OF COUNSELING PSYCHOLOGY,1
JOURNAL OF DAIRY SCIENCE,1
JOURNAL OF DEMOCRACY,1
JOURNAL OF DENTAL RESEARCH,1
Journal of Destination Marketing & Management,1
JOURNAL OF DEVELOPMENT ECONOMICS,1
Journal of Differential Equations,1
JOURNAL OF DIFFERENTIAL GEOMETRY,1
Journal of Earth Science,1
JOURNAL OF ECOLOGY,1
JOURNAL OF ECONOMIC HISTORY,1
JOURNAL OF ECONOMIC LITERATURE,1
JOURNAL OF ECONOMIC PERSPECTIVES,1
JOURNAL OF EDUCATION POLICY,1
JOURNAL OF EDUCATIONAL PSYCHOLOGY,1
Journal of Energy Chemistry,1
Journal of English for Academic Purposes,1
JOURNAL OF ENVIRONMENTAL PSYCHOLOGY,1
Journal of European Integration,1
JOURNAL OF EUROPEAN PUBLIC POLICY,1
JOURNAL OF EUROPEAN SOCIAL POLICY,1
JOURNAL OF EXPERIMENTAL & CLINICAL CANCER RESEARCH,1
JOURNAL OF EXPERIMENTAL MEDICINE,1
JOURNAL OF EXPERIMENTAL PSYCHOLOGY-GENERAL,1
Journal of Extracellular Vesicles,1
Journal of Family Business Strategy,1
JOURNAL OF FIELD ARCHAEOLOGY,1
JOURNAL OF FINANCE,1
JOURNAL OF FINANCIAL ECONOMICS,1
JOURNAL OF FORESTRY RESEARCH,1
JOURNAL OF FUNCTIONAL ANALYSIS,1
Journal of Future Foods,1
JOURNAL OF GASTROENTEROLOGY,1
Journal of Genetics and Genomics,1
Journal of Geovisualization and Spatial Analysis,1
Journal of Global History,1
JOURNAL OF HAZARDOUS MATERIALS,1
JOURNAL OF HEADACHE AND PAIN,1
JOURNAL OF HEALTH AND SOCIAL BEHAVIOR,1
JOURNAL OF HEART AND LUNG TRANSPLANTATION,1
JOURNAL OF HELLENIC STUDIES,1
Journal of Hematology & Oncology,1
JOURNAL OF HEPATOLOGY,1
Journal of Hospitality and Tourism Management,1
Journal of Hospitality Marketing & Management,1
JOURNAL OF HUMAN EVOLUTION,1
JOURNAL OF HUMAN RESOURCES,1
Journal of Hydrology,1
Journal of Industrial Information Integration,1
Journal of Innovation & Knowledge,1
Journal of Integrative Agriculture,1
Journal of Integrative Plant Biology,1
JOURNAL OF INTERNAL MEDICINE,1
JOURNAL OF INTERNATIONAL BUSINESS STUDIES,1
JOURNAL OF INTERNATIONAL ECONOMICS,1
Journal of International Financial Management & Accounting,1
Journal of International Management,1
JOURNAL OF LABOR ECONOMICS,1
Journal of Legal History,1
Journal of Linguistic Anthropology,1
Journal of Magnesium and Alloys,1
JOURNAL OF MANAGEMENT,1
JOURNAL OF MANAGEMENT IN ENGINEERING,1
JOURNAL OF MANAGEMENT STUDIES,1
Journal of Manufacturing Processes,1
JOURNAL OF MANUFACTURING SYSTEMS,1
Journal of Manufacturing Technology Management,1
JOURNAL OF MARKETING,1
JOURNAL OF MATERIALS PROCESSING TECHNOLOGY,1
Journal of Materials Science & Technology,1
Journal of Mathematical Logic,1
JOURNAL OF MEDICINAL CHEMISTRY,1
JOURNAL OF MEMBRANE SCIENCE,1
JOURNAL OF MICROPALAEONTOLOGY,1
Journal of Mixed Methods Research,1
JOURNAL OF MODERN HISTORY,1
JOURNAL OF MONETARY ECONOMICS,1
JOURNAL OF MULTILINGUAL AND MULTICULTURAL DEVELOPMENT,1
JOURNAL OF MUSIC THEORY,1
JOURNAL OF NANOBIOTECHNOLOGY,1
Journal of NeuroEngineering and Rehabilitation,1
Journal of Neuroinflammation,1
JOURNAL OF NEUROLOGY NEUROSURGERY AND PSYCHIATRY,1
Journal of New Approaches in Educational Research,1
Journal of Nietzsche Studies,1
JOURNAL OF NUCLEAR MEDICINE,1
Journal of Occupational Health Psychology,1
Journal of Ocean Engineering and Science,1
JOURNAL OF ORGANIZATIONAL BEHAVIOR,1
Journal of Orthopaedic Translation,1
Journal of Paleolithic Archaeology,1
JOURNAL OF PEACE RESEARCH,1
JOURNAL OF PEASANT STUDIES,1
JOURNAL OF PERSONALITY AND SOCIAL PSYCHOLOGY,1
JOURNAL OF PEST SCIENCE,1
Journal of Pharmaceutical Analysis,1
JOURNAL OF PHILOSOPHY,1
JOURNAL OF PHONETICS,1
JOURNAL OF PHOTOCHEMISTRY AND PHOTOBIOLOGY C-PHOTOCHEMISTRY REVIEWS,1
JOURNAL OF PHYSICAL AND CHEMICAL REFERENCE DATA,1
Journal of Physiotherapy,1
JOURNAL OF PINEAL RESEARCH,1
Journal of Plant Ecology,1
JOURNAL OF POLITICAL ECONOMY,1
JOURNAL OF POLITICAL PHILOSOPHY,1
JOURNAL OF POLITICS,1
JOURNAL OF PRAGMATICS,1
JOURNAL OF PRODUCT INNOVATION MANAGEMENT,1
Journal of Psychopathology and Clinical Science,1
JOURNAL OF PUBLIC ADMINISTRATION RESEARCH AND THEORY,1
JOURNAL OF PUBLIC ECONOMICS,1
Journal of Public Relations Research,1
JOURNAL OF RARE EARTHS,1
Journal of Religion in Japan,1
Journal of Remote Sensing,1
JOURNAL OF RESEARCH IN CRIME AND DELINQUENCY,1
JOURNAL OF RESEARCH IN SCIENCE TEACHING,1
Journal of Responsible Innovation,1
Journal of Retailing and Consumer Services,1
Journal of Rock Mechanics and Geotechnical Engineering,1
JOURNAL OF ROMAN STUDIES,1
Journal of Rural Studies,1
JOURNAL OF SCHOOL PSYCHOLOGY,1
JOURNAL OF SECOND LANGUAGE WRITING,1
Journal of Semantics,1
JOURNAL OF SOCIAL ARCHAEOLOGY,1
JOURNAL OF SOCIAL ISSUES,1
Journal of Sport and Health Science,1
JOURNAL OF STRATEGIC INFORMATION SYSTEMS,1
Journal of Stroke,1
JOURNAL OF TEACHER EDUCATION,1
JOURNAL OF THE AMERICAN ACADEMY OF CHILD AND ADOLESCENT PSYCHIATRY,1
JOURNAL OF THE AMERICAN ACADEMY OF DERMATOLOGY,1
Journal of the American Chemical Society,1
JOURNAL OF THE AMERICAN COLLEGE OF CARDIOLOGY,1
Journal of the American Heart Association,1
JOURNAL OF THE AMERICAN MATHEMATICAL SOCIETY,1
JOURNAL OF THE AMERICAN MUSICOLOGICAL SOCIETY,1
JOURNAL OF THE AMERICAN SOCIETY OF ECHOCARDIOGRAPHY,1
JOURNAL OF THE AMERICAN SOCIETY OF NEPHROLOGY,1
JOURNAL OF THE EARLY REPUBLIC,1
Journal of the Economic and Social History of the Orient,1
JOURNAL OF THE EUROPEAN MATHEMATICAL SOCIETY,1
JOURNAL OF THE HISTORY OF PHILOSOPHY,1
JOURNAL OF THE PHILOSOPHY OF SPORT,1
JOURNAL OF THE ROYAL STATISTICAL SOCIETY SERIES B-STATISTICAL METHODOLOGY,1
Journal of Thoracic Oncology,1
JOURNAL OF THROMBOSIS AND HAEMOSTASIS,1
Journal of Transport Geography,1
Journal of Travel & Tourism Marketing,1
Journal of Travel Research,1
JOURNAL OF URBAN ECONOMICS,1
JOURNAL OF VOCATIONAL BEHAVIOR,1
JOURNAL OF WORLD BUSINESS,1
JOURNAL OF WORLD PREHISTORY,1
JOURNAL OF YOUTH AND ADOLESCENCE,1
JOURNALISM & MASS COMMUNICATION QUARTERLY,1
Journalism Studies,1
KIDNEY INTERNATIONAL,1
Knee Surgery & Related Research,1
KNOWLEDGE-BASED SYSTEMS,1
LANCET,1
Lancet Child & Adolescent Health,1
Lancet Diabetes & Endocrinology,1
Lancet Digital Health,1
Lancet Gastroenterology & Hepatology,1
Lancet Global Health,1
Lancet Haematology,1
Lancet Healthy Longevity,1
Lancet HIV,1
LANCET INFECTIOUS DISEASES,1
Lancet Microbe,1
LANCET NEUROLOGY,1
LANCET ONCOLOGY,1
Lancet Planetary Health,1
Lancet Psychiatry,1
Lancet Public Health,1
Lancet Regional Health-Europe,1
Lancet Regional Health-Western Pacific,1
Lancet Respiratory Medicine,1
Lancet Rheumatology,1
LAND USE POLICY,1
LANDSCAPE AND URBAN PLANNING,1
Language Culture and Curriculum,1
LANGUAGE IN SOCIETY,1
LANGUAGE LEARNING,1
Language Teaching Research,1
Language Variation and Change,1
Laser & Photonics Reviews,1
LATIN AMERICAN ANTIQUITY,1
LEADERSHIP QUARTERLY,1
LEARNING AND INDIVIDUAL DIFFERENCES,1
LEARNING AND INSTRUCTION,1
Learning Media and Technology,1
Legal Ethics,1
Legal Theory,1
LEUKEMIA,1
Light-Science & Applications,1
Limnology and Oceanography Letters,1
LINGUISTIC INQUIRY,1
Linguistic Typology,1
LINGUISTICS AND PHILOSOPHY,1
Liver Cancer,1
Living Reviews in Relativity,1
Living Reviews in Solar Physics,1
LWT-FOOD SCIENCE AND TECHNOLOGY,1
MACROMOLECULES,1
Marine Life Science & Technology,1
Materials Futures,1
Materials Research Letters,1
MATERIALS SCIENCE & ENGINEERING R-REPORTS,1
Materials Today,1
Materials Today Bio,1
MATHEMATICAL MODELS & METHODS IN APPLIED SCIENCES,1
MATHEMATICS OF COMPUTATION,1
MATRIX BIOLOGY,1
Matter,1
Matter and Radiation at Extremes,1
MEAT SCIENCE,1
MECHANICAL SYSTEMS AND SIGNAL PROCESSING,1
MECHANISM AND MACHINE THEORY,1
Med,1
MedComm,1
MEDICAL EDUCATION,1
MEDICAL IMAGE ANALYSIS,1
MEDICINAL RESEARCH REVIEWS,1
METABOLIC ENGINEERING,1
METABOLISM-CLINICAL AND EXPERIMENTAL,1
Metacognition and Learning,1
Microbiome,1
Microsystems & Nanoengineering,1
Military Medical Research,1
MIND,1
MINERALIUM DEPOSITA,1
MINERVA,1
MMWR Recommendations and Reports,1
MMWR Surveillance Summaries,1
MMWR-MORBIDITY AND MORTALITY WEEKLY REPORT,1
Mobile Media & Communication,1
MODERN LANGUAGE JOURNAL,1
MODERN PATHOLOGY,1
Molecular Autism,1
MOLECULAR BIOLOGY AND EVOLUTION,1
Molecular Cancer,1
Molecular Cell,1
MOLECULAR ECOLOGY,1
Molecular Ecology Resources,1
Molecular Neurodegeneration,1
MOLECULAR PHYLOGENETICS AND EVOLUTION,1
Molecular Plant,1
MOLECULAR PLANT PATHOLOGY,1
MOLECULAR PSYCHIATRY,1
Molecular Systems Biology,1
MOLECULAR THERAPY,1
MONOGRAPHS OF THE SOCIETY FOR RESEARCH IN CHILD DEVELOPMENT,1
Morphology,1
MOVEMENT DISORDERS,1
Movement Ecology,1
Muqarnas-An Annual on the Visual Cultures of the Islamic World,1
Museum Management and Curatorship,1
Museums & Social Issues-A Journal of Reflective Discourse,1
MUSIC & LETTERS,1
MUSIC ANALYSIS,1
MUSIC THEORY SPECTRUM,1
MUSICAE SCIENTIAE,1
Musicology Australia,1
Mycosphere,1
Nano Materials Science,1
Nano Research,1
Nano Research Energy,1
Nano-Micro Letters,1
National Science Review,1
NATURAL PRODUCT REPORTS,1
NATURE,1
Nature Aging,1
Nature Astronomy,1
Nature Biomedical Engineering,1
NATURE BIOTECHNOLOGY,1
Nature Cancer,1
Nature Cardiovascular Research,1
Nature Catalysis,1
NATURE CELL BIOLOGY,1
Nature Chemical Biology,1
Nature Chemistry,1
Nature Climate Change,1
Nature Communications,1
Nature Computational Science,1
Nature Ecology & Evolution,1
Nature Electronics,1
Nature Energy,1
Nature Food,1
NATURE GENETICS,1
Nature Geoscience,1
Nature Human Behaviour,1
NATURE IMMUNOLOGY,1
Nature Machine Intelligence,1
NATURE MATERIALS,1
NATURE MEDICINE,1
Nature Metabolism,1
NATURE METHODS,1
Nature Microbiology,1
Nature Nanotechnology,1
NATURE NEUROSCIENCE,1
Nature Photonics,1
Nature Physics,1
Nature Plants,1
NATURE REVIEWS CANCER,1
Nature Reviews Cardiology,1
Nature Reviews Chemistry,1
Nature Reviews Clinical Oncology,1
Nature Reviews Disease Primers,1
NATURE REVIEWS DRUG DISCOVERY,1
Nature Reviews Earth & Environment,1
Nature Reviews Endocrinology,1
Nature Reviews Gastroenterology & Hepatology,1
NATURE REVIEWS GENETICS,1
NATURE REVIEWS IMMUNOLOGY,1
Nature Reviews Materials,1
Nature Reviews Methods Primers,1
NATURE REVIEWS MICROBIOLOGY,1
NATURE REVIEWS MOLECULAR CELL BIOLOGY,1
Nature Reviews Nephrology,1
Nature Reviews Neurology,1
NATURE REVIEWS NEUROSCIENCE,1
Nature Reviews Physics,1
Nature Reviews Psychology,1
Nature Reviews Rheumatology,1
Nature Reviews Urology,1
NATURE STRUCTURAL & MOLECULAR BIOLOGY,1
Nature Sustainability,1
Nature Synthesis,1
Nawpa Pacha,1
NBER Macroeconomics Annual,1
NEURO-ONCOLOGY,1
Neurobiology of Language,1
NEUROLOGY,1
Neurology-Neuroimmunology & Neuroinflammation,1
Neuron,1
NEUROPSYCHOLOGY REVIEW,1
NEUROSCIENCE AND BIOBEHAVIORAL REVIEWS,1
Neurospine,1
NEW ENGLAND JOURNAL OF MEDICINE,1
NEW MEDIA & SOCIETY,1
NEW PHYTOLOGIST,1
NEW POLITICAL ECONOMY,1
NOUS,1
npj Biofilms and Microbiomes,1
npj Climate and Atmospheric Science,1
npj Computational Materials,1
npj Digital Medicine,1
npj Flexible Electronics,1
npj Parkinsons Disease,1
npj Precision Oncology,1
npj Quantum Information,1
npj Quantum Materials,1
npj Regenerative Medicine,1
npj Science of Food,1
npj Urban Sustainability,1
NUCLEAR FUSION,1
Nuclear Science and Techniques,1
NUMERISCHE MATHEMATIK,1
NURSING ETHICS,1
Ocular Surface,1
Oeconomia Copernicana,1
ONCOGENE,1
One Earth,1
OPERA QUARTERLY,1
OPHTHALMOLOGY,1
Optica,1
Opto-Electronic Advances,1
ORGANIC LETTERS,1
ORGANIZATION STUDIES,1
ORGANIZATIONAL RESEARCH METHODS,1
Osteoarthritis and Cartilage,1
PAIN,1
Particle and Fibre Toxicology,1
PAST & PRESENT,1
PATTERN RECOGNITION,1
PERIODONTOLOGY 2000,1
PERSONALITY AND SOCIAL PSYCHOLOGY REVIEW,1
PERSONNEL PSYCHOLOGY,1
PERSOONIA,1
Perspectives on Medical Education,1
Perspectives on Politics,1
Perspectives on Psychological Science,1
PEST MANAGEMENT SCIENCE,1
Pesticide Biochemistry and Physiology,1
Petroleum Exploration and Development,1
Petroleum Science,1
PHARMACOLOGICAL REVIEWS,1
PHARMACOLOGY & THERAPEUTICS,1
Phenomenology and the Cognitive Sciences,1
Philosophers Imprint,1
Philosophia Mathematica,1
Philosophical Perspectives,1
PHILOSOPHICAL QUARTERLY,1
PHILOSOPHICAL REVIEW,1
PHILOSOPHICAL STUDIES,1
PHILOSOPHICAL TRANSACTIONS OF THE ROYAL SOCIETY B-BIOLOGICAL SCIENCES,1
PHILOSOPHY & PUBLIC AFFAIRS,1
PHILOSOPHY AND PHENOMENOLOGICAL RESEARCH,1
Philosophy Compass,1
Photoacoustics,1
Photonic Sensors,1
Photonics Research,1
PhotoniX,1
PHYSICAL REVIEW LETTERS,1
Physical Review X,1
Physics of Life Reviews,1
PHYSICS REPORTS-REVIEW SECTION OF PHYSICS LETTERS,1
Physiological Reviews,1
PHYTOMEDICINE,1
Plainsong & Medieval Music,1
Planning Theory,1
PLANT BIOTECHNOLOGY JOURNAL,1
PLANT CELL,1
PLANT CELL AND ENVIRONMENT,1
Plant Communications,1
Plant Diversity,1
PLANT JOURNAL,1
Plant Phenomics,1
PLANT PHYSIOLOGY,1
PLOS BIOLOGY,1
PLOS MEDICINE,1
PLoS Pathogens,1
Policy and Internet,1
Policy Insights from the Behavioral and Brain Sciences,1
POLITICAL ANALYSIS,1
POLITICAL BEHAVIOR,1
POLITICAL COMMUNICATION,1
POLITICAL GEOGRAPHY,1
POLITICAL PSYCHOLOGY,1
POLITICS & SOCIETY,1
Politics and Religion,1
Politics Philosophy & Economics,1
POLYMER DEGRADATION AND STABILITY,1
POPULAR MUSIC AND SOCIETY,1
POPULATION AND DEVELOPMENT REVIEW,1
POSTHARVEST BIOLOGY AND TECHNOLOGY,1
Proceedings of the ACM on Programming Languages-PACMPL,1
PROCEEDINGS OF THE IEEE,1
PROCEEDINGS OF THE LONDON MATHEMATICAL SOCIETY,1
PROCEEDINGS OF THE NATIONAL ACADEMY OF SCIENCES OF THE UNITED STATES OF AMERICA,1
PROGRESS IN AEROSPACE SCIENCES,1
PROGRESS IN ENERGY AND COMBUSTION SCIENCE,1
PROGRESS IN HUMAN GEOGRAPHY,1
PROGRESS IN LIPID RESEARCH,1
PROGRESS IN MATERIALS SCIENCE,1
PROGRESS IN PARTICLE AND NUCLEAR PHYSICS,1
PROGRESS IN PLANNING,1
PROGRESS IN POLYMER SCIENCE,1
PROGRESS IN RETINAL AND EYE RESEARCH,1
PROGRESS IN SURFACE SCIENCE,1
Projections-The Journal for Movies and Mind,1
Protection and Control of Modern Power Systems,1
Protein & Cell,1
PRX Quantum,1
PSYCHOLOGICAL BULLETIN,1
PSYCHOLOGICAL METHODS,1
PSYCHOLOGICAL REVIEW,1
PSYCHOLOGICAL SCIENCE,1
Psychological Science in the Public Interest,1
PSYCHOTHERAPY AND PSYCHOSOMATICS,1
PUBLIC ADMINISTRATION REVIEW,1
Publications Mathematiques de l IHES,1
Qualitative Psychology,1
Qualitative Research,1
QUARTERLY JOURNAL OF ECONOMICS,1
QUARTERLY JOURNAL OF SPEECH,1
RADIOGRAPHICS,1
RADIOLOGY,1
Radiology-Artificial Intelligence,1
RARE METALS,1
READING RESEARCH QUARTERLY,1
ReCALL,1
Redox Biology,1
Regulation & Governance,1
RELC Journal,1
RELIABILITY ENGINEERING & SYSTEM SAFETY,1
Religion State & Society,1
REMOTE SENSING OF ENVIRONMENT,1
RENAISSANCE QUARTERLY,1
RENEWABLE & SUSTAINABLE ENERGY REVIEWS,1
Renewable Energy,1
Research,1
Research in Social Stratification and Mobility,1
RESEARCH ON LANGUAGE AND SOCIAL INTERACTION,1
RESEARCH POLICY,1
Research Studies in Music Education,1
RESOURCES CONSERVATION AND RECYCLING,1
Resources Environment and Sustainability,1
RESUSCITATION,1
Review of Communication Research,1
REVIEW OF ECONOMIC STUDIES,1
REVIEW OF ECONOMICS AND STATISTICS,1
REVIEW OF EDUCATIONAL RESEARCH,1
REVIEW OF FINANCIAL STUDIES,1
Review of International Organizations,1
REVIEW OF INTERNATIONAL STUDIES,1
Reviews in Aquaculture,1
REVIEWS IN FISH BIOLOGY AND FISHERIES,1
Reviews in Fisheries Science & Aquaculture,1
REVIEWS OF GEOPHYSICS,1
REVIEWS OF MODERN PHYSICS,1
Revista de Psicodidactica,1
Rice,1
ROBOTICS AND COMPUTER-INTEGRATED MANUFACTURING,1
Rock Art Research,1
ROCK MECHANICS AND ROCK ENGINEERING,1
Russian Journal of Linguistics,1
Satellite Navigation,1
SCHIZOPHRENIA BULLETIN,1
SCIENCE,1
Science Advances,1
Science Bulletin,1
Science China-Chemistry,1
Science China-Earth Sciences,1
Science China-Information Sciences,1
Science China-Life Sciences,1
Science China-Materials,1
Science China-Mathematics,1
Science China-Physics Mechanics & Astronomy,1
Science China-Technological Sciences,1
SCIENCE COMMUNICATION,1
Science Immunology,1
Science Robotics,1
Science Signaling,1
Science Translational Medicine,1
Secularism & Nonreligion,1
SECURITY DIALOGUE,1
SECURITY STUDIES,1
Semantics & Pragmatics,1
Seminars in Immunopathology,1
SENSORS AND ACTUATORS B-CHEMICAL,1
SIAM JOURNAL ON MATHEMATICAL ANALYSIS,1
SIAM JOURNAL ON NUMERICAL ANALYSIS,1
SIAM REVIEW,1
Signal Transduction and Targeted Therapy,1
Slavery & Abolition,1
SLEEP MEDICINE REVIEWS,1
SMALL BUSINESS ECONOMICS,1
SmartMat,1
SOCIAL FORCES,1
SOCIAL HISTORY,1
Social Issues and Policy Review,1
Social Media + Society,1
Social Movement Studies,1
Society and Mental Health,1
SOCIO-ECONOMIC PLANNING SCIENCES,1
Sociological Science,1
SOCIOLOGICAL THEORY,1
SOCIOLOGY OF EDUCATION,1
SOCIOLOGY OF RELIGION,1
SOIL & TILLAGE RESEARCH,1
SOIL BIOLOGY & BIOCHEMISTRY,1
South European Society and Politics,1
Space: Science & Technology,1
SPECULUM-A JOURNAL OF MEDIEVAL STUDIES,1
Spine Journal,1
SPORTS MEDICINE,1
STANFORD LAW REVIEW,1
STATISTICAL SCIENCE,1
Stem Cell Reports,1
STRATEGIC MANAGEMENT JOURNAL,1
STROKE,1
Studies in Australasian Cinema,1
Studies in Documentary Film,1
STUDIES IN MYCOLOGY,1
Studies in Science Education,1
STUDIES IN SECOND LANGUAGE ACQUISITION,1
Studies in Second Language Learning and Teaching,1
Superconductivity,1
SUPERCONDUCTOR SCIENCE & TECHNOLOGY,1
SURFACE SCIENCE REPORTS,1
Sustainable Cities and Society,1
Sustainable Production and Consumption,1
Syntax-A Journal of Theoretical Experimental and Interdisciplinary Research,1
Synthetic and Systems Biotechnology,1
SYSTEM,1
Systematic Biology,1
SYSTEMATIC ENTOMOLOGY,1
Target-International Journal of Translation Studies,1
TEACHING AND TEACHER EDUCATION,1
TECHNOLOGICAL FORECASTING AND SOCIAL CHANGE,1
TECHNOVATION,1
Tel Aviv-Journal of the Institute of Archaeology of Tel Aviv University,1
TESOL QUARTERLY,1
TEXTILE HISTORY,1
THEATRE JOURNAL,1
THEORETICAL AND APPLIED GENETICS,1
Theranostics,1
THORAX,1
THYROID,1
Tourism Management,1
TRAC-TRENDS IN ANALYTICAL CHEMISTRY,1
Transactions of the American Philological Association,1
TRANSACTIONS OF THE INSTITUTE OF BRITISH GEOGRAPHERS,1
Translational Neurodegeneration,1
Transnational Screens,1
Transport Policy,1
TRANSPORT REVIEWS,1
TRANSPORTATION RESEARCH PART A-POLICY AND PRACTICE,1
TRANSPORTATION RESEARCH PART B-METHODOLOGICAL,1
TRANSPORTATION RESEARCH PART C-EMERGING TECHNOLOGIES,1
TRANSPORTATION RESEARCH PART D-TRANSPORT AND ENVIRONMENT,1
TRANSPORTATION RESEARCH PART E-LOGISTICS AND TRANSPORTATION REVIEW,1
Trauma Violence & Abuse,1
Travel Behaviour and Society,1
TRENDS IN BIOCHEMICAL SCIENCES,1
TRENDS IN BIOTECHNOLOGY,1
Trends in Cancer,1
TRENDS IN CELL BIOLOGY,1
Trends in Chemistry,1
TRENDS IN COGNITIVE SCIENCES,1
TRENDS IN ECOLOGY & EVOLUTION,1
TRENDS IN ENDOCRINOLOGY AND METABOLISM,1
TRENDS IN FOOD SCIENCE & TECHNOLOGY,1
TRENDS IN GENETICS,1
TRENDS IN MICROBIOLOGY,1
TRENDS IN MOLECULAR MEDICINE,1
TRENDS IN NEUROSCIENCES,1
TRENDS IN PHARMACOLOGICAL SCIENCES,1
TRENDS IN PLANT SCIENCE,1
Tribology International,1
TUNNELLING AND UNDERGROUND SPACE TECHNOLOGY,1
Twentieth Century British History,1
Twentieth-Century Music,1
ULTRASONICS SONOCHEMISTRY,1
ULTRASOUND IN OBSTETRICS & GYNECOLOGY,1
Underground Space,1
URBAN GEOGRAPHY,1
URBAN STUDIES,1
VIRGINIA LAW REVIEW,1
Virtual and Physical Prototyping,1
Virulence,1
Water Biology and Security,1
WATER RESEARCH,1
Weather and Climate Extremes,1
WEST EUROPEAN POLITICS,1
Wiley Interdisciplinary Reviews-Climate Change,1
Wiley Interdisciplinary Reviews-Water,1
WILLIAM AND MARY QUARTERLY,1
WORK AND OCCUPATIONS,1
WORK AND STRESS,1
WORLD ARCHAEOLOGY,1
WORLD BANK RESEARCH OBSERVER,1
WORLD DEVELOPMENT,1
World Journal of Emergency Surgery,1
WORLD POLITICS,1
World Psychiatry,1
WRITTEN COMMUNICATION,1
YALE LAW JOURNAL,1
YEARBOOK FOR TRADITIONAL MUSIC,1
ZOOLOGICAL RESEARCH,1
aBIOTECH,2
ACADEMIC RADIOLOGY,2
Academy of Management Discoveries,2
Academy of Management Learning & Education,2
Academy of Management Perspectives,2
Accountability in Research-Ethics Integrity and Policy,2
Accounting Auditing & Accountability Journal,2
ACCOUNTING ORGANIZATIONS AND SOCIETY,2
ACCOUNTING REVIEW,2
ACM Transactions on Accessible Computing,2
ACM TRANSACTIONS ON DATABASE SYSTEMS,2
ACM Transactions on Human-Robot Interaction,2
ACM TRANSACTIONS ON INFORMATION SYSTEMS,2
ACM TRANSACTIONS ON MATHEMATICAL SOFTWARE,2
ACM TRANSACTIONS ON PROGRAMMING LANGUAGES AND SYSTEMS,2
ACS Applied Materials & Interfaces,2
ACS Applied Polymer Materials,2
ACS Chemical Biology,2
ACS Environmental Au,2
ACS Infectious Diseases,2
ACS Materials Letters,2
ACS Measurement Science Au,2
ACS Polymers Au,2
ACS Synthetic Biology,2
ACTA ASTRONAUTICA,2
ACTA BIOCHIMICA ET BIOPHYSICA SINICA,2
ACTA CHIMICA SINICA,2
Acta Histriae,2
ACTA MECHANICA SINICA,2
ACTA METALLURGICA SINICA,2
Acta Metallurgica Sinica-English Letters,2
ACTA OBSTETRICIA ET GYNECOLOGICA SCANDINAVICA,2
ACTA OCEANOLOGICA SINICA,2
ACTA OPTICA SINICA,2
Acta Orthopaedica,2
ACTA PETROLOGICA SINICA,2
ACTA PHARMACOLOGICA SINICA,2
ACTA PHYSICO-CHIMICA SINICA,2
ACTA POLYMERICA SINICA,2
ACTA PSYCHIATRICA SCANDINAVICA,2
Acta Psychologica Sinica,2
ACTA VETERINARIA SCANDINAVICA,2
ADDICTION,2
Addiction Science & Clinical Practice,2
ADDICTIVE BEHAVIORS,2
Adolescent Research Review,2
Advanced Healthcare Materials,2
Advanced Optical Materials,2
Advanced Quantum Technologies,2
ADVANCED SYNTHESIS & CATALYSIS,2
Advances in Aerodynamics,2
ADVANCES IN ANATOMIC PATHOLOGY,2
Advances in Continuous and Discrete Models,2
Advances in Differential Equations,2
ADVANCES IN HEALTH SCIENCES EDUCATION,2
Advances in Life Course Research,2
Advances in Nutrition,2
Advances in Physics-X,2
Advances in Sample Preparation,2
ADVANCES IN WATER RESOURCES,2
AERA Open,2
AFRICA,2
Africa Spectrum,2
AFRICAN AFFAIRS,2
African Archaeological Review,2
AFRICAN ECONOMIC HISTORY,2
African Security,2
AGE AND AGEING,2
AGGRESSION AND VIOLENT BEHAVIOR,2
AGGRESSIVE BEHAVIOR,2
Agricultural and Food Economics,2
AGRICULTURAL ECONOMICS,2
AGRICULTURAL HISTORY REVIEW,2
AGRICULTURE AND HUMAN VALUES,2
Agriculture-Basel,2
Agroecology and Sustainable Food Systems,2
Agronomy-Basel,2
AIDS,2
AIDS PATIENT CARE AND STDS,2
AILA Review,2
Ain Shams Engineering Journal,2
AJS Review-The Journal of the Association for Jewish Studies,2
Al-Masaq-Journal of the Medieval Mediterranean,2
Alcohol Research-Current Reviews,2
Alexandria Engineering Journal,2
ALGAE,2
Algal Research-Biomass Biofuels and Bioproducts,2
Algebra & Number Theory,2
ALLERGOLOGY INTERNATIONAL,2
Allergy Asthma & Immunology Research,2
Alpine Botany,2
ALTEX-Alternatives to Animal Experimentation,2
Alzheimers & Dementia-Translational Research & Clinical Interventions,2
AMB Express,2
AMBIO,2
Ambix,2
AMERICAN BUSINESS LAW JOURNAL,2
American Economic Journal-Microeconomics,2
AMERICAN HEART JOURNAL,2
AMERICAN JOURNAL OF AGRICULTURAL ECONOMICS,2
AMERICAN JOURNAL OF ARCHAEOLOGY,2
American Journal of Biological Anthropology,2
AMERICAN JOURNAL OF BOTANY,2
AMERICAN JOURNAL OF CHINESE MEDICINE,2
AMERICAN JOURNAL OF COMMUNITY PSYCHOLOGY,2
AMERICAN JOURNAL OF EDUCATION,2
AMERICAN JOURNAL OF EPIDEMIOLOGY,2
AMERICAN JOURNAL OF GERIATRIC PSYCHIATRY,2
American Journal of Health Economics,2
AMERICAN JOURNAL OF INTERNATIONAL LAW,2
AMERICAN JOURNAL OF NEPHROLOGY,2
AMERICAN JOURNAL OF NEURORADIOLOGY,2
American Journal of Obstetrics & Gynecology MFM,2
AMERICAN JOURNAL OF ORTHODONTICS AND DENTOFACIAL ORTHOPEDICS,2
AMERICAN JOURNAL OF PATHOLOGY,2
AMERICAN JOURNAL OF PHILOLOGY,2
AMERICAN JOURNAL OF PHYSIOLOGY-ENDOCRINOLOGY AND METABOLISM,2
AMERICAN JOURNAL OF PHYSIOLOGY-HEART AND CIRCULATORY PHYSIOLOGY,2
AMERICAN JOURNAL OF PHYSIOLOGY-RENAL PHYSIOLOGY,2
American Journal of Preventive Cardiology,2
AMERICAN JOURNAL OF PREVENTIVE MEDICINE,2
AMERICAN JOURNAL OF PUBLIC HEALTH,2
AMERICAN JOURNAL OF RESPIRATORY CELL AND MOLECULAR BIOLOGY,2
AMERICAN JOURNAL OF ROENTGENOLOGY,2
AMERICAN LITERARY HISTORY,2
AMERICAN NATURALIST,2
AMERICAN PHILOSOPHICAL QUARTERLY,2
AMYLOID-JOURNAL OF PROTEIN FOLDING DISORDERS,2
Anaesthesia Critical Care & Pain Medicine,2
ANALYSIS,2
Analysis and Applications,2
Analytica Chimica Acta,2
ANALYTICAL AND BIOANALYTICAL CHEMISTRY,2
Anatomical Sciences Education,2
ANESTHESIA AND ANALGESIA,2
ANGLE ORTHODONTIST,2
ANIMAL BEHAVIOUR,2
Animal Bioscience,2
ANIMAL COGNITION,2
ANIMAL CONSERVATION,2
ANIMAL FEED SCIENCE AND TECHNOLOGY,2
Animal Frontiers,2
ANIMAL HEALTH RESEARCH REVIEWS,2
Animal Microbiome,2
Animal Models and Experimental Medicine,2
ANIMAL REPRODUCTION SCIENCE,2
Animals,2
Animation-An Interdisciplinary Journal,2
Annales de l Institut Henri Poincare D,2
ANNALES DE L INSTITUT HENRI POINCARE-ANALYSE NON LINEAIRE,2
ANNALI DELLA SCUOLA NORMALE SUPERIORE DI PISA-CLASSE DI SCIENZE,2
ANNALS OF AGRICULTURAL SCIENCES,2
ANNALS OF ALLERGY ASTHMA & IMMUNOLOGY,2
ANNALS OF APPLIED PROBABILITY,2
ANNALS OF BEHAVIORAL MEDICINE,2
ANNALS OF BOTANY,2
Annals of Cardiothoracic Surgery,2
Annals of Clinical and Translational Neurology,2
Annals of Clinical Microbiology and Antimicrobials,2
ANNALS OF FAMILY MEDICINE,2
Annals of Laboratory Medicine,2
ANNALS OF MEDICINE,2
Annals of Physical and Rehabilitation Medicine,2
ANNALS OF PURE AND APPLIED LOGIC,2
ANNALS OF SURGICAL ONCOLOGY,2
Annals of the American Association of Geographers,2
Annals of the American Thoracic Society,2
ANNALS OF THE ENTOMOLOGICAL SOCIETY OF AMERICA,2
ANNALS OF THE NEW YORK ACADEMY OF SCIENCES,2
ANNALS OF THORACIC SURGERY,2
Annual of the British School at Athens,2
Annual Review of Analytical Chemistry,2
Annual Review of Biomedical Data Science,2
Annual Review of Cancer Biology,2
Annual Review of Condensed Matter Physics,2
Annual Review of Financial Economics,2
Annual Review of Law and Social Science,2
Annual Review of Nuclear and Particle Science,2
Annual Review of Vision Science,2
ANNUAL REVIEWS IN CONTROL,2
Anthropocene,2
Anthropological Forum,2
Anthropological Theory,2
ANTIMICROBIAL AGENTS AND CHEMOTHERAPY,2
Antimicrobial Resistance and Infection Control,2
Antioxidants,2
ANTIOXIDANTS & REDOX SIGNALING,2
ANTIVIRAL RESEARCH,2
Anuario de Estudios Americanos,2
APL Photonics,2
APOPTOSIS,2
APPETITE,2
APPLIED ACOUSTICS,2
APPLIED AND COMPUTATIONAL HARMONIC ANALYSIS,2
Applied and Computational Mathematics,2
APPLIED AND ENVIRONMENTAL MICROBIOLOGY,2
APPLIED ANIMAL BEHAVIOUR SCIENCE,2
APPLIED CATALYSIS A-GENERAL,2
APPLIED CLAY SCIENCE,2
APPLIED ERGONOMICS,2
APPLIED GEOGRAPHY,2
Applied Linguistics Review,2
Applied Materials Today,2
APPLIED MATHEMATICAL MODELLING,2
APPLIED MATHEMATICS AND COMPUTATION,2
APPLIED MATHEMATICS AND MECHANICS-ENGLISH EDITION,2
APPLIED MATHEMATICS AND OPTIMIZATION,2
Applied Mathematics Letters,2
Applied Numerical Mathematics,2
APPLIED OCEAN RESEARCH,2
APPLIED ORGANOMETALLIC CHEMISTRY,2
APPLIED PHYSICS LETTERS,2
Applied Physics Reviews,2
APPLIED PSYCHOLINGUISTICS,2
APPLIED PSYCHOLOGY-AN INTERNATIONAL REVIEW-PSYCHOLOGIE APPLIQUEE-REVUE INTERNATIONALE,2
Applied Psychology-Health and Well Being,2
APPLIED SOFT COMPUTING,2
APPLIED SOIL ECOLOGY,2
APPLIED SPECTROSCOPY REVIEWS,2
APPLIED SURFACE SCIENCE,2
APPLIED THERMAL ENGINEERING,2
AQUACULTURAL ENGINEERING,2
AQUACULTURE,2
AQUACULTURE ECONOMICS & MANAGEMENT,2
Aquaculture Environment Interactions,2
AQUACULTURE NUTRITION,2
Aquaculture Reports,2
Arabian Journal of Chemistry,2
Archaeological and Anthropological Sciences,2
Archaeological Dialogues,2
Archaeological Journal,2
ARCHAEOLOGY IN OCEANIA,2
ARCHAEOMETRY,2
ARCHIV FUR GESCHICHTE DER PHILOSOPHIE,2
ARCHIVE FOR HISTORY OF EXACT SCIENCES,2
ARCHIVES OF ASIAN ART,2
Archives of Civil and Mechanical Engineering,2
Archives of Disease in Childhood-Fetal and Neonatal Edition,2
ARCHIVES OF PHARMACAL RESEARCH,2
ARCHIVES OF PHYSICAL MEDICINE AND REHABILITATION,2
Archives of Public Health,2
ARCHIVES OF SEXUAL BEHAVIOR,2
ARCHIVES OF TOXICOLOGY,2
Archnet-IJAR International Journal of Architectural Research,2
ARETHUSA,2
Argumentation,2
ART HISTORY,2
ARTHRITIS CARE & RESEARCH,2
ARTHRITIS RESEARCH & THERAPY,2
ARTHROPOD STRUCTURE & DEVELOPMENT,2
Arthropod Systematics & Phylogeny,2
ARTHROSCOPY-THE JOURNAL OF ARTHROSCOPIC AND RELATED SURGERY,2
Arthuriana,2
Artibus et Historiae,2
Artificial Cells Nanomedicine and Biotechnology,2
ARTIFICIAL INTELLIGENCE,2
Artificial Intelligence and Law,2
Artificial Intelligence in Medicine,2
Asia Pacific Management Review,2
Asia-Pacific Education Researcher,2
Asia-Pacific Journal of Ophthalmology,2
Asian American Journal of Psychology,2
Asian Englishes,2
ASIAN JOURNAL OF ANDROLOGY,2
Asian Journal of Social Health and Behavior,2
ASIAN MUSIC,2
ASIAN THEATRE JOURNAL,2
ASSESSMENT,2
Assessment & Evaluation in Higher Education,2
Assessment in Education-Principles Policy & Practice,2
ASTROBIOLOGY,2
Astrodynamics,2
ASTRONOMICAL JOURNAL,2
ASTRONOMY & ASTROPHYSICS,2
ASTROPHYSICAL JOURNAL,2
ASTROPHYSICAL JOURNAL SUPPLEMENT SERIES,2
ATHEROSCLEROSIS,2
Atmospheric and Oceanic Science Letters,2
Atmospheric Research,2
ATOMIC DATA AND NUCLEAR DATA TABLES,2
ATOMIC SPECTROSCOPY,2
ATTACHMENT & HUMAN DEVELOPMENT,2
Augmentative and Alternative Communication,2
AUSTRALIAN ARCHAEOLOGY,2
AUSTRALIAN JOURNAL OF INTERNATIONAL AFFAIRS,2
Australian Prescriber,2
Autism & Developmental Language Impairments,2
Autism Research,2
AUTOMATICA,2
Automotive Innovation,2
Azania-Archaeological Research in Africa,2
Banach Journal of Mathematical Analysis,2
BASIC AND APPLIED ECOLOGY,2
BASIN RESEARCH,2
BDJ Open,2
Behavior Research Methods,2
BEHAVIOR THERAPY,2
Behavioral and Brain Functions,2
BEHAVIORAL ECOLOGY,2
BEHAVIORAL ECOLOGY AND SOCIOBIOLOGY,2
Behavioural Public Policy,2
Berichte zur Wissenschaftsgeschichte,2
BERNOULLI,2
BEST PRACTICE & RESEARCH CLINICAL ENDOCRINOLOGY & METABOLISM,2
Best Practice & Research Clinical Gastroenterology,2
BEST PRACTICE & RESEARCH CLINICAL OBSTETRICS & GYNAECOLOGY,2
BEST PRACTICE & RESEARCH IN CLINICAL RHEUMATOLOGY,2
Best Practice & Research-Clinical Anaesthesiology,2
Bilingual Research Journal,2
Bilingualism-Language and Cognition,2
BIOCHEMICAL PHARMACOLOGY,2
BIOCHEMICAL SOCIETY TRANSACTIONS,2
BIOCHIMICA ET BIOPHYSICA ACTA-MOLECULAR AND CELL BIOLOGY OF LIPIDS,2
BIOCHIMICA ET BIOPHYSICA ACTA-MOLECULAR BASIS OF DISEASE,2
BIOCHIMICA ET BIOPHYSICA ACTA-REVIEWS ON CANCER,2
BioChip Journal,2
BIOCONJUGATE CHEMISTRY,2
BIOCONTROL,2
Biocybernetics and Biomedical Engineering,2
BIODIVERSITY AND CONSERVATION,2
BIODRUGS,2
BIOELECTROCHEMISTRY,2
Bioengineering & Translational Medicine,2
Biofabrication,2
Biofilm,2
BIOGEOCHEMISTRY,2
Biogeosciences,2
BIOLOGICAL CONTROL,2
BIOLOGICAL INVASIONS,2
Biological Psychiatry-Cognitive Neuroscience and Neuroimaging,2
Biological Psychiatry: Global Open Science,2
BIOLOGICAL RESEARCH,2
Biological Theory,2
BIOLOGY AND FERTILITY OF SOILS,2
Biology Direct,2
Biology Letters,2
BIOLOGY OF REPRODUCTION,2
Biology of Sex Differences,2
BIOLOGY OF SPORT,2
Biology-Basel,2
Biomarker Research,2
BIOMASS & BIOENERGY,2
Biomaterials Advances,2
Biomaterials Research,2
Biomedical Signal Processing and Control,2
BIOMEDICINE & PHARMACOTHERAPY,2
Biomolecules,2
BIOORGANIC CHEMISTRY,2
BIOSYSTEMS ENGINEERING,2
Biotechnology for Biofuels and Bioproducts,2
BIPOLAR DISORDERS,2
BJOG-AN INTERNATIONAL JOURNAL OF OBSTETRICS AND GYNAECOLOGY,2
BJU INTERNATIONAL,2
Blockchain-Research and Applications,2
Blood and Lymphatic Cancer-Targets and Therapy,2
BLOOD REVIEWS,2
BMC BIOLOGY,2
BMC BIOTECHNOLOGY,2
BMC Chemistry,2
BMC GENOMICS,2
BMC Geriatrics,2
BMC HEALTH SERVICES RESEARCH,2
BMC Medical Research Methodology,2
BMC MICROBIOLOGY,2
BMC NURSING,2
BMC Oral Health,2
BMC Palliative Care,2
BMC PLANT BIOLOGY,2
BMC Pregnancy and Childbirth,2
BMC Psychiatry,2
BMC PUBLIC HEALTH,2
BMC Veterinary Research,2
BME Frontiers,2
BMJ Evidence-Based Medicine,2
BMJ Open Diabetes Research & Care,2
BMJ Sexual & Reproductive Health,2
Bogoslovni Vestnik-Theological Quarterly-Ephemerides Theologicae,2
Boletin del Museo Chileno de Arte Precolombino,2
BONE,2
Bone & Joint Open,2
BONE MARROW TRANSPLANTATION,2
Borderline Personality Disorder and Emotion Dysregulation,2
Borsa Istanbul Review,2
BOTANICAL JOURNAL OF THE LINNEAN SOCIETY,2
BOTANICAL REVIEW,2
Botanical Studies,2
Brain Communications,2
BRAIN PATHOLOGY,2
BREAST,2
BREAST CANCER RESEARCH,2
BRIEFINGS IN BIOINFORMATICS,2
British Accounting Review,2
BRITISH EDUCATIONAL RESEARCH JOURNAL,2
BRITISH JOURNAL OF CANCER,2
BRITISH JOURNAL OF CRIMINOLOGY,2
BRITISH JOURNAL OF EDUCATIONAL PSYCHOLOGY,2
BRITISH JOURNAL OF GENERAL PRACTICE,2
BRITISH JOURNAL OF HAEMATOLOGY,2
BRITISH JOURNAL OF HEALTH PSYCHOLOGY,2
BRITISH JOURNAL OF MANAGEMENT,2
BRITISH JOURNAL OF OPHTHALMOLOGY,2
BRITISH JOURNAL OF PHARMACOLOGY,2
British Journal of Politics & International Relations,2
BRITISH JOURNAL OF PSYCHOLOGY,2
BRITISH MEDICAL BULLETIN,2
Bulletin of Earthquake Engineering,2
Bulletin of Engineering Geology and the Environment,2
BULLETIN OF INDONESIAN ECONOMIC STUDIES,2
Bulletin of Mathematical Sciences,2
BULLETIN OF THE AMERICAN MATHEMATICAL SOCIETY,2
BULLETIN OF THE AMERICAN METEOROLOGICAL SOCIETY,2
BULLETIN OF THE AMERICAN MUSEUM OF NATURAL HISTORY,2
BULLETIN OF THE WORLD HEALTH ORGANIZATION,2
BULLETIN OF VOLCANOLOGY,2
BURLINGTON MAGAZINE,2
Burns & Trauma,2
Business Ethics the Environment & Responsibility,2
BUSINESS HISTORY REVIEW,2
CALIFORNIA LAW REVIEW,2
CALIFORNIA MANAGEMENT REVIEW,2
Cambridge Classical Journal,2
CAMBRIDGE JOURNAL OF ECONOMICS,2
Cambridge Opera Journal,2
CANADIAN JOURNAL OF CARDIOLOGY,2
Canadian Slavonic Papers,2
Cancer & Metabolism,2
CANCER AND METASTASIS REVIEWS,2
Cancer Biology & Medicine,2
CANCER BIOLOGY & THERAPY,2
CANCER EPIDEMIOLOGY BIOMARKERS & PREVENTION,2
CANCER IMAGING,2
Cancer Research and Treatment,2
CANCER SCIENCE,2
Carbohydrate Polymer Technologies and Applications,2
CARBON,2
Carbon Balance and Management,2
Carbon Capture Science & Technology,2
Carbon Resources Conversion,2
Cardiac Failure Review,2
CARIES RESEARCH,2
Cartography and Geographic Information Science,2
Case Studies in Construction Materials,2
Case Studies in Thermal Engineering,2
Catalan Journal of Linguistics,2
CATALYSIS REVIEWS-SCIENCE AND ENGINEERING,2
CATALYSIS TODAY,2
CBE-Life Sciences Education,2
Celestinesca,2
Cell and Bioscience,2
CELL CALCIUM,2
Cell Communication and Signaling,2
Cell Death Discovery,2
Cell Reports Physical Science,2
Cells,2
CELLULAR AND MOLECULAR LIFE SCIENCES,2
CELLULAR ONCOLOGY,2
CELLULAR SIGNALLING,2
CEPHALALGIA,2
Ceramics International,2
CHAUCER REVIEW,2
ChemBioEng Reviews,2
Chemical and Biological Technologies in Agriculture,2
CHEMICAL COMMUNICATIONS,2
CHEMICAL ENGINEERING SCIENCE,2
CHEMICAL GEOLOGY,2
CHEMICAL RECORD,2
CHEMICO-BIOLOGICAL INTERACTIONS,2
Chemistry Education Research and Practice,2
CHEMISTRY OF MATERIALS,2
CHEMOMETRICS AND INTELLIGENT LABORATORY SYSTEMS,2
ChemSusChem,2
CHILD ABUSE & NEGLECT,2
Child and Adolescent Psychiatry and Mental Health,2
CHILD MALTREATMENT,2
China & World Economy,2
China Agricultural Economic Review,2
China Economic Quarterly International,2
CHINA ECONOMIC REVIEW,2
China Geology,2
China Information,2
CHINA JOURNAL,2
CHINA OCEAN ENGINEERING,2
Chinese Geographical Science,2
Chinese Herbal Medicines,2
Chinese Journal of Cancer Research,2
Chinese Journal of Communication,2
CHINESE JOURNAL OF GEOPHYSICS-CHINESE EDITION,2
Chinese Journal of International Law,2
CHINESE JOURNAL OF LASERS-ZHONGGUO JIGUANG,2
Chinese Journal of Natural Medicines,2
CHINESE JOURNAL OF PHYSICS,2
CHINESE JOURNAL OF POLYMER SCIENCE,2
CHINESE MEDICAL JOURNAL,2
Chinese Medicine,2
Chinese Optics Letters,2
Chinese Physics C,2
Chinese Sociological Review,2
CINEASTE,2
Circulation-Genomic and Precision Medicine,2
CIRP Journal of Manufacturing Science and Technology,2
Civil Engineering Journal-Tehran,2
Civil Wars,2
CLASSICAL PHILOLOGY,2
Cleaner Environmental Systems,2
CLIMATE DYNAMICS,2
Climate of the Past,2
CLIMATE POLICY,2
Climate Services,2
CLIMATIC CHANGE,2
CLINICAL AND EXPERIMENTAL ALLERGY,2
CLINICAL AND EXPERIMENTAL OPHTHALMOLOGY,2
Clinical and Translational Allergy,2
Clinical and Translational Medicine,2
CLINICAL CHEMISTRY,2
CLINICAL CHEMISTRY AND LABORATORY MEDICINE,2
Clinical Epigenetics,2
Clinical Implant Dentistry and Related Research,2
CLINICAL INFECTIOUS DISEASES,2
Clinical Interventions in Aging,2
CLINICAL JOURNAL OF PAIN,2
CLINICAL MICROBIOLOGY AND INFECTION,2
Clinical Oral Investigations,2
CLINICAL ORTHOPAEDICS AND RELATED RESEARCH,2
CLINICAL PHARMACOKINETICS,2
CLINICAL PHARMACOLOGY & THERAPEUTICS,2
Clinical Psychological Science,2
CLINICAL PSYCHOLOGY-SCIENCE AND PRACTICE,2
Clinical Research in Cardiology,2
CLINICAL SCIENCE,2
CLINICS IN PERINATOLOGY,2
CNS Neuroscience & Therapeutics,2
COASTAL ENGINEERING,2
Cochrane Database of Systematic Reviews,2
Cogent Arts & Humanities,2
Cognition,2
COGNITION AND INSTRUCTION,2
COGNITIVE BEHAVIOUR THERAPY,2
Cognitive Research-Principles and Implications,2
COGNITIVE SCIENCE,2
COLD REGIONS SCIENCE AND TECHNOLOGY,2
Cold Spring Harbor Perspectives in Medicine,2
COLLOIDS AND SURFACES A-PHYSICOCHEMICAL AND ENGINEERING ASPECTS,2
COLLOIDS AND SURFACES B-BIOINTERFACES,2
Colorectal Disease,2
COMBINATORICA,2
Comedia Performance,2
Communication & Society-Spain,2
Communication and Critical-Cultural Studies,2
Communication and the Public,2
Communication Culture & Critique,2
COMMUNICATION MONOGRAPHS,2
COMMUNICATION QUARTERLY,2
COMMUNICATION REVIEW,2
COMMUNICATIONS IN CONTEMPORARY MATHEMATICS,2
COMMUNICATIONS IN MATHEMATICAL PHYSICS,2
Communications in Nonlinear Science and Numerical Simulation,2
Communications in Number Theory and Physics,2
COMMUNICATIONS IN PARTIAL DIFFERENTIAL EQUATIONS,2
Communications Materials,2
Communications Medicine,2
Comparative European Politics,2
COMPARATIVE LITERATURE,2
Comparative Literature-East & West,2
COMPARATIVE POLITICS,2
Competition & Change,2
COMPOSITE STRUCTURES,2
Composites Communications,2
COMPOSITES PART A-APPLIED SCIENCE AND MANUFACTURING,2
COMPOSITES SCIENCE AND TECHNOLOGY,2
Comprehensive Physiology,2
COMPREHENSIVE PSYCHIATRY,2
COMPUTATIONAL LINGUISTICS,2
COMPUTATIONAL MECHANICS,2
Computational Visual Media,2
Computer Methods and Programs in Biomedicine,2
COMPUTER PHYSICS COMMUNICATIONS,2
Computer Science Education,2
COMPUTER STANDARDS & INTERFACES,2
COMPUTERIZED MEDICAL IMAGING AND GRAPHICS,2
COMPUTERS & CHEMICAL ENGINEERING,2
COMPUTERS & GEOSCIENCES,2
Computers & Industrial Engineering,2
COMPUTERS & MATHEMATICS WITH APPLICATIONS,2
COMPUTERS & OPERATIONS RESEARCH,2
COMPUTERS & SECURITY,2
COMPUTERS & STRUCTURES,2
COMPUTERS IN BIOLOGY AND MEDICINE,2
Computers in Human Behavior Reports,2
Conflict and Health,2
Constructions and Frames,2
Contemporary British History,2
Contemporary Islam-Dynamics of Muslim Life,2
Contemporary Italian Politics,2
Contemporary Politics,2
CONTINENTAL PHILOSOPHY REVIEW,2
CONTINUITY AND CHANGE,2
CONTRACEPTION,2
Contrastive Pragmatics,2
CONTRIBUTIONS TO MINERALOGY AND PETROLOGY,2
CONTRIBUTIONS TO ZOOLOGY,2
CONTROL ENGINEERING PRACTICE,2
Convergence-The International Journal of Research into New Media Technologies,2
Cooperation and Conflict,2
CORAL REEFS,2
Corporate Governance-The International Journal of Business in Society,2
Corporate Social Responsibility and Environmental Management,2
Corpus Linguistics and Linguistic Theory,2
Corpus Pragmatics,2
CORTEX,2
CREATIVITY RESEARCH JOURNAL,2
Crime and Justice-A Review of Research,2
Crime Media Culture,2
Crime Science,2
CRIMINAL JUSTICE AND BEHAVIOR,2
Critical African Studies,2
Critical Discourse Studies,2
CRITICAL INQUIRY,2
Critical Philosophy of Race,2
CRITICAL REVIEWS IN BIOCHEMISTRY AND MOLECULAR BIOLOGY,2
CRITICAL REVIEWS IN BIOTECHNOLOGY,2
CRITICAL REVIEWS IN CLINICAL LABORATORY SCIENCES,2
CRITICAL REVIEWS IN FOOD SCIENCE AND NUTRITION,2
CRITICAL REVIEWS IN MICROBIOLOGY,2
CRITICAL REVIEWS IN ONCOLOGY HEMATOLOGY,2
CRITICAL REVIEWS IN PLANT SCIENCES,2
CRITICAL REVIEWS IN SOLID STATE AND MATERIALS SCIENCES,2
CRITICAL REVIEWS IN TOXICOLOGY,2
CRITICAL SOCIAL POLICY,2
Critical Studies in Education,2
CRITICAL STUDIES IN MEDIA COMMUNICATION,2
Critical Studies in Television,2
Critical Studies on Terrorism,2
Croatian Journal of Forest Engineering,2
Crop Protection,2
Cryosphere,2
CRYSTAL GROWTH & DESIGN,2
CSEE Journal of Power and Energy Systems,2
Cultural & Social History,2
Cultural Diversity & Ethnic Minority Psychology,2
Cultural Sociology,2
Curator-The Museum Journal,2
Current Addiction Reports,2
CURRENT ALLERGY AND ASTHMA REPORTS,2
CURRENT ANTHROPOLOGY,2
Current Atherosclerosis Reports,2
Current Diabetes Reports,2
Current Environmental Health Reports,2
Current HIV/AIDS Reports,2
CURRENT HYPERTENSION REPORTS,2
Current Neurology and Neuroscience Reports,2
Current Nutrition Reports,2
Current Oncology Reports,2
Current Opinion in Behavioral Sciences,2
CURRENT OPINION IN BIOTECHNOLOGY,2
CURRENT OPINION IN CELL BIOLOGY,2
CURRENT OPINION IN CHEMICAL BIOLOGY,2
Current Opinion in Chemical Engineering,2
CURRENT OPINION IN COLLOID & INTERFACE SCIENCE,2
Current Opinion in Critical Care,2
Current Opinion in Electrochemistry,2
CURRENT OPINION IN GENETICS & DEVELOPMENT,2
Current Opinion in Green and Sustainable Chemistry,2
Current Opinion in HIV and AIDS,2
CURRENT OPINION IN IMMUNOLOGY,2
CURRENT OPINION IN INFECTIOUS DISEASES,2
CURRENT OPINION IN MICROBIOLOGY,2
CURRENT OPINION IN NEUROBIOLOGY,2
CURRENT OPINION IN NEUROLOGY,2
CURRENT OPINION IN OPHTHALMOLOGY,2
CURRENT OPINION IN PLANT BIOLOGY,2
CURRENT OPINION IN PSYCHIATRY,2
Current Opinion in Psychology,2
CURRENT OPINION IN RHEUMATOLOGY,2
CURRENT OPINION IN SOLID STATE & MATERIALS SCIENCE,2
CURRENT OPINION IN STRUCTURAL BIOLOGY,2
Current Opinion in Virology,2
Current Osteoporosis Reports,2
Current Pollution Reports,2
Current Psychiatry Reports,2
Current Research in Microbial Sciences,2
Current Reviews in Musculoskeletal Medicine,2
Current Rheumatology Reports,2
CURRENT TREATMENT OPTIONS IN ONCOLOGY,2
Currents in Biblical Research,2
Curriculum Studies in Health and Physical Education,2
CYTOKINE & GROWTH FACTOR REVIEWS,2
Data Intelligence,2
DECISION SUPPORT SYSTEMS,2
DEEP-SEA RESEARCH PART I-OCEANOGRAPHIC RESEARCH PAPERS,2
Demonstratio Mathematica,2
DENDROCHRONOLOGIA,2
DEPRESSION AND ANXIETY,2
Dermatitis,2
DESALINATION,2
DEUTSCHE ENTOMOLOGISCHE ZEITSCHRIFT,2
DEUTSCHE VIERTELJAHRSSCHRIFT FUR LITERATURWISSENSCHAFT UND GEISTESGESCHICHTE,2
Deutsches Arzteblatt International,2
DEVELOPMENT,2
DEVELOPMENT AND CHANGE,2
DEVELOPMENT AND PSYCHOPATHOLOGY,2
Developmental Cognitive Neuroscience,2
DEVELOPMENTAL MEDICINE AND CHILD NEUROLOGY,2
DEVELOPMENTAL PSYCHOLOGY,2
Developments in the Built Environment,2
DIABETES,2
DIABETES & METABOLISM,2
Diabetes & Metabolism Journal,2
DIABETES OBESITY & METABOLISM,2
Diabetes Technology & Therapeutics,2
Diachronica,2
Diagnostic and Interventional Imaging,2
Dialogues in Clinical Neuroscience,2
DIGESTIVE AND LIVER DISEASE,2
Digestive Endoscopy,2
Digital Communications and Networks,2
Digital Discovery,2
Disability and Health Journal,2
Discourse & Communication,2
DISCOURSE PROCESSES,2
DISCOURSE STUDIES,2
DISEASES OF THE COLON & RECTUM,2
DISPLAYS,2
Distance Education,2
DNA RESEARCH,2
Documenta Mathematica,2
DOMESTIC ANIMAL ENDOCRINOLOGY,2
DRUG AND ALCOHOL DEPENDENCE,2
DRUG DELIVERY,2
Drug Design Development and Therapy,2
DRUG DISCOVERY TODAY,2
DRUG METABOLISM AND DISPOSITION,2
DRUG SAFETY,2
DUKE LAW JOURNAL,2
Dutch Crossing-Journal of Low Countries Studies,2
DYES AND PIGMENTS,2
EAR AND HEARING,2
EARLY MUSIC HISTORY,2
Early Science and Medicine,2
Earth System Dynamics,2
EARTHQUAKE ENGINEERING & STRUCTURAL DYNAMICS,2
Earthquake Engineering and Engineering Vibration,2
East European Politics,2
Ecclesiology,2
ECOLOGICAL APPLICATIONS,2
ECOLOGICAL ECONOMICS,2
ECOLOGICAL ENGINEERING,2
ECOLOGICAL ENTOMOLOGY,2
Ecological Informatics,2
ECOLOGICAL MONOGRAPHS,2
Ecological Processes,2
ECOLOGY,2
Ecology and Evolution,2
EcoMat,2
Economic Analysis and Policy,2
ECONOMIC JOURNAL,2
ECONOMIC MODELLING,2
ECONOMIC POLICY,2
ECONOMICS AND PHILOSOPHY,2
ECONOMY AND SOCIETY,2
Ecosystem Health and Sustainability,2
Ecosystem Services,2
Ecosystems and People,2
ECOTOXICOLOGY AND ENVIRONMENTAL SAFETY,2
Educacion XX1,2
Education and Information Technologies,2
EDUCATIONAL ADMINISTRATION QUARTERLY,2
Educational Assessment Evaluation and Accountability,2
EDUCATIONAL EVALUATION AND POLICY ANALYSIS,2
Educational Psychology,2
EDUCATIONAL REVIEW,2
Educational Studies in Mathematics,2
EDUCATIONAL TECHNOLOGY & SOCIETY,2
EFORT Open Reviews,2
Egyptian Informatics Journal,2
Eighteenth-Century Fiction,2
Eikon Imago,2
EJNMMI Physics,2
EJSO,2
ELECTORAL STUDIES,2
ELECTROCHIMICA ACTA,2
ELECTRONIC JOURNAL OF PROBABILITY,2
ELT Journal,2
Emergencias,2
Emerging Contaminants,2
EMERGING INFECTIOUS DISEASES,2
Emerging Markets Review,2
EMOTION,2
Emotion Space and Society,2
Empirical Musicology Review,2
EMPIRICAL SOFTWARE ENGINEERING,2
ENDOCRINE-RELATED CANCER,2
Endocrinology and Metabolism,2
ENDOCRINOLOGY AND METABOLISM CLINICS OF NORTH AMERICA,2
Energetic Materials Frontiers,2
Energy and AI,2
ENERGY AND BUILDINGS,2
Energy Conversion and Management-X,2
Energy Materials,2
Energy Nexus,2
Energy Policy,2
Energy Research & Social Science,2
Energy Strategy Reviews,2
Energy Sustainability and Society,2
Engineering,2
ENGINEERING ANALYSIS WITH BOUNDARY ELEMENTS,2
Engineering Construction and Architectural Management,2
Engineering Failure Analysis,2
ENGINEERING FRACTURE MECHANICS,2
Engineering Science and Technology-An International Journal-JESTECH,2
ENGINEERING WITH COMPUTERS,2
ENGLISH HISTORICAL REVIEW,2
English Language & Linguistics,2
ENGLISH LITERARY RENAISSANCE,2
English Today,2
English World-Wide,2
ENTREPRENEURSHIP AND REGIONAL DEVELOPMENT,2
ENTREPRENEURSHIP THEORY AND PRACTICE,2
ENVIRONMENT AND BEHAVIOR,2
Environment and Planning C-Politics and Space,2
Environment and Planning E-Nature and Space,2
Environment and Society-Advances in Research,2
ENVIRONMENTAL AND EXPERIMENTAL BOTANY,2
Environmental and Sustainability Indicators,2
Environmental Chemistry Letters,2
Environmental Development,2
Environmental Epigenetics,2
ENVIRONMENTAL ETHICS,2
Environmental Health,2
Environmental Humanities,2
Environmental Innovation and Societal Transitions,2
ENVIRONMENTAL MICROBIOLOGY,2
Environmental Microbiome,2
ENVIRONMENTAL MODELLING & SOFTWARE,2
ENVIRONMENTAL POLLUTION,2
ENVIRONMENTAL RESEARCH,2
Environmental Research Letters,2
ENVIRONMENTAL REVIEWS,2
ENVIRONMENTAL SCIENCE & POLICY,2
Environmental Science & Technology Letters,2
Environmental Technology & Innovation,2
EPIDEMIOLOGIC REVIEWS,2
EPIDEMIOLOGY,2
Epidemiology and Psychiatric Sciences,2
Epigenetics & Chromatin,2
Epijournal de Geometrie Algebrique,2
EPJ Data Science,2
EPJ Quantum Technology,2
EPMA Journal,2
Equilibrium-Quarterly Journal of Economics and Economic Policy,2
EQUINE VETERINARY JOURNAL,2
ERJ Open Research,2
ERKENNTNIS,2
ES Food and Agroforestry,2
ES Materials and Manufacturing,2
ESP Today-Journal of English for Specific Purposes at Tertiary Level,2
Essays in Biochemistry,2
Estonian Journal of Archaeology,2
Ethical Theory and Moral Practice,2
Ethics & Bioethics,2
Ethics & International Affairs,2
Ethics and Information Technology,2
ETHNIC AND RACIAL STUDIES,2
Ethnicities,2
ETHNOMUSICOLOGY,2
Eurasian Business Review,2
EUROPEAN ARCHIVES OF PSYCHIATRY AND CLINICAL NEUROSCIENCE,2
EUROPEAN CELLS & MATERIALS,2
EUROPEAN CHILD & ADOLESCENT PSYCHIATRY,2
European Constitutional Law Review,2
EUROPEAN EATING DISORDERS REVIEW,2
EUROPEAN ECONOMIC REVIEW,2
European Educational Research Journal,2
European Heart Journal-Acute Cardiovascular Care,2
European Heart Journal-Cardiovascular Pharmacotherapy,2
European Heart Journal-Quality of Care and Clinical Outcomes,2
EUROPEAN HISTORY QUARTERLY,2
European Journal for Philosophy of Science,2
European Journal of Ageing,2
EUROPEAN JOURNAL OF ANAESTHESIOLOGY,2
European Journal of Archaeology,2
EUROPEAN JOURNAL OF CARDIO-THORACIC SURGERY,2
EUROPEAN JOURNAL OF CELL BIOLOGY,2
EUROPEAN JOURNAL OF COMBINATORICS,2
EUROPEAN JOURNAL OF COMMUNICATION,2
European Journal of Cultural Studies,2
European Journal of Education,2
EUROPEAN JOURNAL OF ENDOCRINOLOGY,2
EUROPEAN JOURNAL OF EPIDEMIOLOGY,2
EUROPEAN JOURNAL OF FOREST RESEARCH,2
European Journal of Futures Research,2
European Journal of Higher Education,2
EUROPEAN JOURNAL OF HUMAN GENETICS,2
EUROPEAN JOURNAL OF INFORMATION SYSTEMS,2
European Journal of Internal Medicine,2
European Journal of International Law,2
EUROPEAN JOURNAL OF MECHANICS A-SOLIDS,2
EUROPEAN JOURNAL OF MEDICINAL CHEMISTRY,2
EUROPEAN JOURNAL OF MIGRATION AND LAW,2
EUROPEAN JOURNAL OF NEUROLOGY,2
EUROPEAN JOURNAL OF NUTRITION,2
EUROPEAN JOURNAL OF OPERATIONAL RESEARCH,2
EUROPEAN JOURNAL OF ORTHODONTICS,2
European Journal of Paediatric Dentistry,2
EUROPEAN JOURNAL OF PAIN,2
EUROPEAN JOURNAL OF PHILOSOPHY,2
European Journal of Political Economy,2
European Journal of Political Theory,2
European Journal of Politics and Gender,2
European Journal of Population-Revue Europeenne de Demographie,2
European Journal of Psychotraumatology,2
EUROPEAN JOURNAL OF RADIOLOGY,2
EUROPEAN JOURNAL OF SOCIAL PSYCHOLOGY,2
European Journal of Social Theory,2
EUROPEAN JOURNAL OF SOIL BIOLOGY,2
EUROPEAN JOURNAL OF SOIL SCIENCE,2
European Journal of Teacher Education,2
European Journal of Work and Organizational Psychology,2
European Management Journal,2
EUROPEAN NEUROPSYCHOPHARMACOLOGY,2
EUROPEAN PHYSICAL JOURNAL C,2
European Policy Analysis,2
EUROPEAN POLYMER JOURNAL,2
EUROPEAN PSYCHIATRY,2
EUROPEAN RADIOLOGY,2
European Radiology Experimental,2
European Research on Management and Business Economics,2
EUROPEAN REVIEW OF AGRICULTURAL ECONOMICS,2
European Review of Economic History,2
European Review of History-Revue Europeenne d Histoire,2
EUROPEAN SOCIETIES,2
European Sport Management Quarterly,2
European Transport Research Review,2
EUROPEAN URBAN AND REGIONAL STUDIES,2
European Urology Focus,2
European Urology Open Science,2
Eurosurveillance,2
EvoDevo,2
EVOLUTION,2
Evolutionary Applications,2
Evolutionary Human Sciences,2
Exemplaria-Medieval Early Modern Theory,2
EXERCISE AND SPORT SCIENCES REVIEWS,2
EXPERIMENTAL AND APPLIED ACAROLOGY,2
Experimental Hematology & Oncology,2
EXPERIMENTAL NEUROLOGY,2
Expert Opinion on Drug Delivery,2
Expert Opinion on Drug Discovery,2
EXPERT OPINION ON THERAPEUTIC PATENTS,2
EXPERT OPINION ON THERAPEUTIC TARGETS,2
Expert Review of Vaccines,2
Extractive Industries and Society,2
Eye and Vision,2
Facial Plastic Surgery Clinics of North America,2
Family Business Review,2
FARADAY DISCUSSIONS,2
Fascism,2
FASEB JOURNAL,2
FEBS Journal,2
FEMINISM & PSYCHOLOGY,2
FEMINIST ECONOMICS,2
Feminist Media Histories,2
Feminist Media Studies,2
Feminist Theory,2
Film Fashion & Consumption,2
Finance Research Letters,2
FINITE FIELDS AND THEIR APPLICATIONS,2
FISH & SHELLFISH IMMUNOLOGY,2
FISHERIES RESEARCH,2
Fluids and Barriers of the CNS,2
Focaal-Journal of Global and Historical Anthropology,2
FONTES ARTIS MUSICAE,2
Food & Function,2
Food and Bioprocess Technology,2
FOOD AND BIOPRODUCTS PROCESSING,2
Food and Energy Security,2
Food and Waterborne Parasitology,2
Food Bioscience,2
Food Chemistry: Molecular Sciences,2
Food Engineering Reviews,2
Food Hydrocolloids for Health,2
Food Production Processing and Nutrition,2
Food Quality and Safety,2
FOOD REVIEWS INTERNATIONAL,2
Food Science & Nutrition,2
Food Security,2
Food Structure-Netherlands,2
Foods,2
FOOT & ANKLE INTERNATIONAL,2
FOREIGN LANGUAGE ANNALS,2
Forensic Science International-Genetics,2
FOREST ECOLOGY AND MANAGEMENT,2
FORESTRY,2
Formalized Mathematics,2
FORTSCHRITTE DER PHYSIK-PROGRESS OF PHYSICS,2
FORUM MATHEMATICUM,2
Forum of Mathematics Sigma,2
Fossil Record,2
Foundations and Trends in Communications and Information Theory,2
Foundations and Trends in Computer Graphics and Vision,2
Foundations and Trends in Programming Languages,2
Fractal and Fractional,2
FREE RADICAL BIOLOGY AND MEDICINE,2
French History,2
French Screen Studies,2
FRESHWATER BIOLOGY,2
Frontiers in Cell and Developmental Biology,2
Frontiers in Cellular and Infection Microbiology,2
Frontiers in Communication,2
Frontiers in Genome Editing,2
Frontiers in Immunology,2
Frontiers in Microbiology,2
FRONTIERS IN NEUROENDOCRINOLOGY,2
Frontiers in Nutrition,2
Frontiers in Plant Science,2
Frontiers in Veterinary Science,2
Frontiers in Zoology,2
Frontiers of Computer Science,2
Frontiers of Environmental Science & Engineering,2
Frontiers of Mechanical Engineering,2
Frontiers of Medicine,2
Frontiers of Physics,2
Fuel,2
FUEL PROCESSING TECHNOLOGY,2
Function,2
FUNCTIONAL & INTEGRATIVE GENOMICS,2
Fundamental Research,2
Fungal Biology,2
Fungal Biology Reviews,2
Future Foods,2
Future Generation Computer Systems-The International Journal of eScience,2
Games and Culture,2
Gas Science and Engineering,2
Gastric Cancer,2
Gels,2
GENERAL HOSPITAL PSYCHIATRY,2
General Psychiatry,2
Genes & Diseases,2
GENES CHROMOSOMES & CANCER,2
GENOMICS,2
GENOMICS PROTEOMICS & BIOINFORMATICS,2
Geo-Spatial Information Science,2
Geochemical Perspectives Letters,2
GEOCHEMISTRY GEOPHYSICS GEOSYSTEMS,2
Geoenvironmental Disasters,2
GEOFORUM,2
GEOGRAPHICAL JOURNAL,2
Geography Compass,2
Geoheritage,2
Geomatics Natural Hazards & Risk,2
Geomechanics and Geophysics for Geo-Energy and Geo-Resources,2
GEOMORPHOLOGY,2
GEOPHYSICAL JOURNAL INTERNATIONAL,2
GEOPHYSICAL RESEARCH LETTERS,2
Geophysics,2
GEORGETOWN LAW JOURNAL,2
Georisk-Assessment and Management of Risk for Engineered Systems and Geohazards,2
Geoscientific Model Development,2
GEOTECHNIQUE,2
GEOTEXTILES AND GEOMEMBRANES,2
German History,2
German Law Journal,2
GERONTOLOGIST,2
GeroScience,2
GIANT,2
GigaScience,2
GLIA,2
Global Change Biology Bioenergy,2
Global Ecology and Conservation,2
Global Environmental Politics,2
Global Finance Journal,2
Global Health Research and Policy,2
Global Media and Communication,2
GLOBAL NETWORKS-A JOURNAL OF TRANSNATIONAL AFFAIRS,2
Global Sixties,2
Global Society,2
Global Sustainability,2
Globalisation Societies and Education,2
Globalization and Health,2
GM Crops & Food-Biotechnology in Agriculture and the Food Chain,2
GOVERNANCE-AN INTERNATIONAL JOURNAL OF POLICY ADMINISTRATION AND INSTITUTIONS,2
GRASS AND FORAGE SCIENCE,2
Green Chemical Engineering,2
Green Chemistry Letters and Reviews,2
Green Finance,2
Groundwater for Sustainable Development,2
GROUP PROCESSES & INTERGROUP RELATIONS,2
Gynecologic Oncology,2
HAEMOPHILIA,2
HAHR-Hispanic American Historical Review,2
Harm Reduction Journal,2
HARMFUL ALGAE,2
Harold Pinter Review-Essays on Contemporary Drama,2
HARVARD EDUCATIONAL REVIEW,2
HARVARD LAW REVIEW,2
HARVARD THEOLOGICAL REVIEW,2
Head & Face Medicine,2
Head & Neck Pathology,2
HEADACHE,2
Health & Justice,2
HEALTH & PLACE,2
Health and Quality of Life Outcomes,2
Health Economics Policy and Law,2
HEALTH EXPECTATIONS,2
Health Information Science and Systems,2
HEALTH POLICY,2
HEALTH PSYCHOLOGY,2
Health Psychology Review,2
Health Research Policy and Systems,2
HEALTH SERVICES RESEARCH,2
HEARING RESEARCH,2
HEART,2
HEART FAILURE REVIEWS,2
HELICOBACTER,2
HELIOS,2
Hepatology Communications,2
HEREDITY,2
Heritage Science,2
Hernia,2
High Voltage,2
HIGHER EDUCATION QUARTERLY,2
HISTOPATHOLOGY,2
HISTORIA-ZEITSCHRIFT FUR ALTE GESCHICHTE,2
HISTORICAL RESEARCH,2
Historical Studies in the Natural Sciences,2
History & Memory,2
History and Anthropology,2
History and Technology,2
HISTORY AND THEORY,2
HISTORY OF EUROPEAN IDEAS,2
HISTORY OF PHOTOGRAPHY,2
HISTORY OF POLITICAL ECONOMY,2
HISTORY OF POLITICAL THOUGHT,2
History of the Family,2
HISTORY OF THE HUMAN SCIENCES,2
HISTORY WORKSHOP JOURNAL,2
HOLOCAUST AND GENOCIDE STUDIES,2
Home Cultures,2
Homology Homotopy and Applications,2
Horticulturae,2
Howard Journal of Communications,2
HUMAN BRAIN MAPPING,2
HUMAN GENETICS,2
Human Genetics and Genomics Advances,2
Human Genomics,2
HUMAN MOLECULAR GENETICS,2
HUMAN MUTATION,2
HUMAN NATURE-AN INTERDISCIPLINARY BIOSOCIAL PERSPECTIVE,2
HUMAN RELATIONS,2
Human Reproduction Open,2
Human Resource Development Review,2
HUMAN RESOURCE MANAGEMENT,2
Human Resource Management Journal,2
Human Resources for Health,2
Human Rights Law Review,2
HUMAN-COMPUTER INTERACTION,2
Humanities & Social Sciences Communications,2
Hume Studies,2
HYDROMETALLURGY,2
Hypatia-A Journal of Feminist Philosophy,2
IACR Transactions on Symmetric Cryptology,2
IATSS Research,2
ICES JOURNAL OF MARINE SCIENCE,2
IDENTITIES-GLOBAL STUDIES IN CULTURE AND POWER,2
Identity-An International Journal of Theory and Research,2
IEEE Antennas and Wireless Propagation Letters,2
IEEE Circuits and Systems Magazine,2
IEEE COMMUNICATIONS MAGAZINE,2
IEEE Computational Intelligence Magazine,2
IEEE ELECTRON DEVICE LETTERS,2
IEEE Industrial Electronics Magazine,2
IEEE Internet of Things Journal,2
IEEE Journal of Biomedical and Health Informatics,2
IEEE Journal of Emerging and Selected Topics in Power Electronics,2
IEEE Journal of Microwaves,2
IEEE Journal of Selected Topics in Applied Earth Observations and Remote Sensing,2
IEEE JOURNAL OF SELECTED TOPICS IN QUANTUM ELECTRONICS,2
IEEE Journal of Selected Topics in Signal Processing,2
IEEE Journal on Emerging and Selected Topics in Circuits and Systems,2
IEEE Microwave and Wireless Technology Letters,2
IEEE Open Journal of Intelligent Transportation Systems,2
IEEE Open Journal of the Industrial Electronics Society,2
IEEE Open Journal of Vehicular Technology,2
IEEE Robotics and Automation Letters,2
IEEE SIGNAL PROCESSING MAGAZINE,2
IEEE TRANSACTIONS ON AEROSPACE AND ELECTRONIC SYSTEMS,2
IEEE TRANSACTIONS ON AUTOMATIC CONTROL,2
IEEE Transactions on Automation Science and Engineering,2
IEEE Transactions on Big Data,2
IEEE Transactions on Biomedical Circuits and Systems,2
IEEE TRANSACTIONS ON BIOMEDICAL ENGINEERING,2
IEEE TRANSACTIONS ON BROADCASTING,2
IEEE TRANSACTIONS ON CIRCUITS AND SYSTEMS I-REGULAR PAPERS,2
IEEE TRANSACTIONS ON CIRCUITS AND SYSTEMS II-EXPRESS BRIEFS,2
IEEE Transactions on Cloud Computing,2
IEEE TRANSACTIONS ON COMMUNICATIONS,2
IEEE Transactions on Computational Imaging,2
IEEE TRANSACTIONS ON COMPUTERS,2
IEEE TRANSACTIONS ON CONSUMER ELECTRONICS,2
IEEE TRANSACTIONS ON CONTROL SYSTEMS TECHNOLOGY,2
IEEE Transactions on Dependable and Secure Computing,2
IEEE TRANSACTIONS ON DIELECTRICS AND ELECTRICAL INSULATION,2
IEEE Transactions on Emerging Topics in Computational Intelligence,2
IEEE Transactions on Emerging Topics in Computing,2
IEEE TRANSACTIONS ON ENERGY CONVERSION,2
IEEE Transactions on Green Communications and Networking,2
IEEE Transactions on Human-Machine Systems,2
IEEE TRANSACTIONS ON INDUSTRY APPLICATIONS,2
IEEE TRANSACTIONS ON INSTRUMENTATION AND MEASUREMENT,2
IEEE TRANSACTIONS ON INTELLIGENT TRANSPORTATION SYSTEMS,2
IEEE Transactions on Network and Service Management,2
IEEE Transactions on Network Science and Engineering,2
IEEE TRANSACTIONS ON NEURAL SYSTEMS AND REHABILITATION ENGINEERING,2
IEEE TRANSACTIONS ON NUCLEAR SCIENCE,2
IEEE TRANSACTIONS ON PARALLEL AND DISTRIBUTED SYSTEMS,2
IEEE TRANSACTIONS ON POWER DELIVERY,2
IEEE TRANSACTIONS ON PROFESSIONAL COMMUNICATION,2
IEEE Transactions on Radiation and Plasma Medical Sciences,2
IEEE TRANSACTIONS ON RELIABILITY,2
IEEE Transactions on Services Computing,2
IEEE TRANSACTIONS ON SIGNAL PROCESSING,2
IEEE Transactions on Terahertz Science and Technology,2
IEEE TRANSACTIONS ON VEHICULAR TECHNOLOGY,2
IEEE TRANSACTIONS ON VERY LARGE SCALE INTEGRATION (VLSI) SYSTEMS,2
IEEE TRANSACTIONS ON VISUALIZATION AND COMPUTER GRAPHICS,2
IEEE WIRELESS COMMUNICATIONS,2
IEEE-ACM Transactions on Audio Speech and Language Processing,2
IMA JOURNAL OF NUMERICAL ANALYSIS,2
IMF Economic Review,2
Immunity & Ageing,2
IMMUNOLOGICAL REVIEWS,2
ImmunoTargets and Therapy,2
INDIANA UNIVERSITY MATHEMATICS JOURNAL,2
INDUSTRIAL MARKETING MANAGEMENT,2
INFECTIOUS DISEASE CLINICS OF NORTH AMERICA,2
Infectious Diseases and Therapy,2
INFLAMMATION,2
INFORMATION & MANAGEMENT,2
INFORMATION AND SOFTWARE TECHNOLOGY,2
INFORMATION ECONOMICS AND POLICY,2
INFORMATION SCIENCES,2
INFORMATION SOCIETY,2
INFORMATION SYSTEMS JOURNAL,2
Information Technology & Tourism,2
INFRARED PHYSICS & TECHNOLOGY,2
Innovation in Aging,2
INORGANIC CHEMISTRY,2
Inorganic Chemistry Frontiers,2
INQUIRY-AN INTERDISCIPLINARY JOURNAL OF PHILOSOPHY,2
Insect Conservation and Diversity,2
INSECT SYSTEMATICS & EVOLUTION,2
Insects,2
Insights into Imaging,2
INSTRUCTIONAL SCIENCE,2
INSURANCE MATHEMATICS & ECONOMICS,2
INTEGRATED COMPUTER-AIDED ENGINEERING,2
Integrative Organismal Biology,2
INTELLIGENCE,2
Intensive and Critical Care Nursing,2
Interdisciplinary Sciences-Computational Life Sciences,2
INTERMETALLICS,2
International & Comparative Law Quarterly,2
International Breastfeeding Journal,2
International Business Review,2
INTERNATIONAL COMMUNICATIONS IN HEAT AND MASS TRANSFER,2
INTERNATIONAL DAIRY JOURNAL,2
INTERNATIONAL DENTAL JOURNAL,2
International Entrepreneurship and Management Journal,2
International Feminist Journal of Politics,2
International Forum of Allergy & Rhinology,2
INTERNATIONAL HISTORY REVIEW,2
International Immunopharmacology,2
INTERNATIONAL INTERACTIONS,2
International Journal for Educational Integrity,2
International Journal for Equity in Health,2
INTERNATIONAL JOURNAL FOR NUMERICAL AND ANALYTICAL METHODS IN GEOMECHANICS,2
INTERNATIONAL JOURNAL FOR PARASITOLOGY,2
International Journal for Parasitology-Drugs and Drug Resistance,2
International Journal of Accounting Information Systems,2
International Journal of Agricultural Sustainability,2
International Journal of Antimicrobial Agents,2
International Journal of Art Therapy,2
International Journal of Artificial Intelligence in Education,2
International Journal of Bank Marketing,2
International Journal of Bilingual Education and Bilingualism,2
International Journal of Bilingualism,2
International Journal of Biological Macromolecules,2
International Journal of Biomathematics,2
International Journal of Bioprinting,2
INTERNATIONAL JOURNAL OF CANCER,2
International Journal of Cardiology,2
International Journal of Childrens Spirituality,2
International Journal of Clinical and Health Psychology,2
INTERNATIONAL JOURNAL OF COAL GEOLOGY,2
International Journal of Communication,2
INTERNATIONAL JOURNAL OF COMPARATIVE SOCIOLOGY,2
INTERNATIONAL JOURNAL OF COMPUTER VISION,2
International Journal of Consumer Studies,2
International Journal of Corpus Linguistics,2
International Journal of Cultural Property,2
International Journal of Cultural Studies,2
INTERNATIONAL JOURNAL OF DAMAGE MECHANICS,2
International Journal of Digital Earth,2
International Journal of Disaster Risk Reduction,2
International Journal of Disaster Risk Science,2
INTERNATIONAL JOURNAL OF DRUG POLICY,2
INTERNATIONAL JOURNAL OF EATING DISORDERS,2
INTERNATIONAL JOURNAL OF ELECTRICAL POWER & ENERGY SYSTEMS,2
INTERNATIONAL JOURNAL OF ENGINEERING SCIENCE,2
INTERNATIONAL JOURNAL OF EPIDEMIOLOGY,2
International Journal of Fatigue,2
INTERNATIONAL JOURNAL OF FOOD SCIENCES AND NUTRITION,2
INTERNATIONAL JOURNAL OF FORECASTING,2
International Journal of Forest Engineering,2
International Journal of Gastronomy and Food Science,2
INTERNATIONAL JOURNAL OF HEAT AND MASS TRANSFER,2
International Journal of Historical Archaeology,2
INTERNATIONAL JOURNAL OF HUMAN-COMPUTER STUDIES,2
INTERNATIONAL JOURNAL OF HYDROGEN ENERGY,2
INTERNATIONAL JOURNAL OF HYGIENE AND ENVIRONMENTAL HEALTH,2
INTERNATIONAL JOURNAL OF IMPACT ENGINEERING,2
International Journal of Implant Dentistry,2
INTERNATIONAL JOURNAL OF INDUSTRIAL ERGONOMICS,2
INTERNATIONAL JOURNAL OF INFECTIOUS DISEASES,2
International Journal of Innovation Studies,2
International Journal of Intercultural Relations,2
International Journal of Latin American Religions,2
International Journal of Lean Six Sigma,2
INTERNATIONAL JOURNAL OF LEXICOGRAPHY,2
INTERNATIONAL JOURNAL OF MANAGEMENT REVIEWS,2
INTERNATIONAL JOURNAL OF MEDICAL INFORMATICS,2
INTERNATIONAL JOURNAL OF MEDICAL MICROBIOLOGY,2
International Journal of Mental Health Nursing,2
International Journal of Mental Health Systems,2
INTERNATIONAL JOURNAL OF MIDDLE EAST STUDIES,2
International Journal of Minerals Metallurgy and Materials,2
INTERNATIONAL JOURNAL OF MOLECULAR MEDICINE,2
INTERNATIONAL JOURNAL OF MULTIPHASE FLOW,2
International Journal of Nanomedicine,2
International Journal of Neonatal Screening,2
INTERNATIONAL JOURNAL OF NEUROPSYCHOPHARMACOLOGY,2
INTERNATIONAL JOURNAL OF OBESITY,2
INTERNATIONAL JOURNAL OF OPERATIONS & PRODUCTION MANAGEMENT,2
International Journal of Optomechatronics,2
International Journal of Performance Arts and Digital Media,2
International Journal of Pharmaceutics,2
International Journal of Pharmaceutics-X,2
INTERNATIONAL JOURNAL OF PRESSURE VESSELS AND PIPING,2
INTERNATIONAL JOURNAL OF PRODUCTION RESEARCH,2
INTERNATIONAL JOURNAL OF PSYCHOLOGY,2
International Journal of Qualitative Methods,2
International Journal of Rail Transportation,2
INTERNATIONAL JOURNAL OF REFRACTORY METALS & HARD MATERIALS,2
INTERNATIONAL JOURNAL OF REFRIGERATION,2
INTERNATIONAL JOURNAL OF RESEARCH IN MARKETING,2
INTERNATIONAL JOURNAL OF ROBOTICS RESEARCH,2
International Journal of Sediment Research,2
International Journal of Social Robotics,2
INTERNATIONAL JOURNAL OF SOLIDS AND STRUCTURES,2
International Journal of Sport Communication,2
International Journal of Sports Physiology and Performance,2
International Journal of Strategic Communication,2
International Journal of Stroke,2
International Journal of Surgery,2
International Journal of Sustainability in Higher Education,2
International Journal of Systems Science-Operations & Logistics,2
International Journal of the Classical Tradition,2
International Journal of the Sociology of Language,2
INTERNATIONAL JOURNAL OF THERMAL SCIENCES,2
International Journal of Transgender Health,2
International Journal of Transitional Justice,2
International Journal of Transportation Science and Technology,2
International Journal of Veterinary Science and Medicine,2
International Journal of Wine Business Research,2
International Journal on Semantic Web and Information Systems,2
INTERNATIONAL MATHEMATICS RESEARCH NOTICES,2
INTERNATIONAL MIGRATION REVIEW,2
International Multilingual Research Journal,2
INTERNATIONAL NURSING REVIEW,2
International Peacekeeping,2
INTERNATIONAL POLITICAL SCIENCE REVIEW,2
INTERNATIONAL PSYCHOGERIATRICS,2
International Relations,2
International Relations of the Asia-Pacific,2
International Review of Economics & Finance,2
International Review of Financial Analysis,2
INTERNATIONAL REVIEW OF SOCIAL HISTORY,2
International Spectator,2
International Studies Perspectives,2
International Theory,2
Internet Histories,2
Internet Interventions-The Application of Information Technology in Mental and Behavioural Health,2
Internet of Things,2
Internet Research,2
INVERTEBRATE SYSTEMATICS,2
INVESTIGATIVE OPHTHALMOLOGY & VISUAL SCIENCE,2
IRAL-INTERNATIONAL REVIEW OF APPLIED LINGUISTICS IN LANGUAGE TEACHING,2
IRBM,2
IRISH VETERINARY JOURNAL,2
IRRIGATION SCIENCE,2
ISA TRANSACTIONS,2
iScience,2
ISIS,2
ISME Communications,2
ISRA International Journal of Islamic Finance,2
Itineraria,2
ITL-International Journal of Applied Linguistics,2
Japanese Dental Science Review,2
JARO-JOURNAL OF THE ASSOCIATION FOR RESEARCH IN OTOLARYNGOLOGY,2
JCMS-Journal of Cinema and Media Studies,2
JCO Oncology Practice,2
JCO Precision Oncology,2
JEWISH SOCIAL STUDIES,2
JFR-Journal of Family Research,2
JMIR Aging,2
JMIR Mental Health,2
JMIR mHealth and uHealth,2
JMIR Serious Games,2
Journal de l Ecole Polytechnique-Mathematiques,2
JOURNAL DER DEUTSCHEN DERMATOLOGISCHEN GESELLSCHAFT,2
Journal for General Philosophy of Science,2
JOURNAL FOR RESEARCH IN MATHEMATICS EDUCATION,2
Journal for the Study of the New Testament,2
Journal for the Study of the Pseudepigrapha,2
Journal of Addiction Medicine,2
JOURNAL OF ADOLESCENCE,2
Journal of Adolescent Health,2
JOURNAL OF ADVANCED NURSING,2
Journal of Advances in Modeling Earth Systems,2
JOURNAL OF AEROSOL SCIENCE,2
JOURNAL OF AFFECTIVE DISORDERS,2
Journal of African Archaeology,2
Journal of Agrarian Change,2
JOURNAL OF AGRICULTURAL ECONOMICS,2
Journal of Agriculture and Food Research,2
JOURNAL OF AGRONOMY AND CROP SCIENCE,2
JOURNAL OF AIR TRANSPORT MANAGEMENT,2
JOURNAL OF ALGEBRA,2
JOURNAL OF ALGEBRAIC GEOMETRY,2
Journal of Alloys and Compounds,2
JOURNAL OF AMERICAN HISTORY,2
JOURNAL OF ANALYTICAL AND APPLIED PYROLYSIS,2
JOURNAL OF ANALYTICAL ATOMIC SPECTROMETRY,2
Journal of Ancient Near Eastern History,2
JOURNAL OF ANIMAL ECOLOGY,2
JOURNAL OF ANIMAL SCIENCE,2
JOURNAL OF ANTIMICROBIAL CHEMOTHERAPY,2
JOURNAL OF ANXIETY DISORDERS,2
Journal of Applied Mathematics and Computing,2
Journal of Applied Physiology,2
Journal of Applied Research in Memory and Cognition,2
Journal of Applied Research on Medicinal and Aromatic Plants,2
JOURNAL OF APPLIED SPORT PSYCHOLOGY,2
Journal of Archaeological Science-Reports,2
Journal of Architecture,2
JOURNAL OF ARTHROPLASTY,2
Journal of Artificial Intelligence and Soft Computing Research,2
Journal of Asian Economics,2
JOURNAL OF ASIAN STUDIES,2
JOURNAL OF BANKING & FINANCE,2
Journal of Behavioral Addictions,2
Journal of Big Data,2
JOURNAL OF BIOGEOGRAPHY,2
JOURNAL OF BIOLOGICAL CHEMISTRY,2
Journal of Biological Engineering,2
JOURNAL OF BIOMEDICAL INFORMATICS,2
JOURNAL OF BIOTECHNOLOGY,2
Journal of Black Psychology,2
Journal of British Cinema and Television,2
JOURNAL OF BROADCASTING & ELECTRONIC MEDIA,2
Journal of Bronchology & Interventional Pulmonology,2
Journal of Building Engineering,2
JOURNAL OF BUSINESS & ECONOMIC STATISTICS,2
JOURNAL OF BUSINESS AND PSYCHOLOGY,2
JOURNAL OF BUSINESS AND TECHNICAL COMMUNICATION,2
Journal of Business Logistics,2
Journal of Cancer Survivorship,2
JOURNAL OF CARDIAC FAILURE,2
Journal of Cardiovascular Computed Tomography,2
JOURNAL OF CARDIOVASCULAR MAGNETIC RESONANCE,2
JOURNAL OF CAREER ASSESSMENT,2
Journal of Central South University,2
Journal of Cereal Science,2
JOURNAL OF CEREBRAL BLOOD FLOW AND METABOLISM,2
Journal of Chemical Information and Modeling,2
JOURNAL OF CHEMICAL PHYSICS,2
Journal of Cheminformatics,2
JOURNAL OF CHILD LANGUAGE,2
Journal of Chinese Religions,2
JOURNAL OF CHROMATOGRAPHY A,2
JOURNAL OF CLIMATE,2
Journal of Clinical Anesthesia,2
JOURNAL OF CLINICAL ENDOCRINOLOGY & METABOLISM,2
JOURNAL OF CLINICAL EPIDEMIOLOGY,2
JOURNAL OF CLINICAL IMMUNOLOGY,2
JOURNAL OF CLINICAL MICROBIOLOGY,2
JOURNAL OF CLINICAL PSYCHIATRY,2
Journal of CO2 Utilization,2
Journal of Cold War Studies,2
Journal of Communication Management,2
JOURNAL OF COMPARATIVE ECONOMICS,2
Journal of Comparative Germanic Linguistics,2
Journal of Competitiveness,2
JOURNAL OF COMPLEXITY,2
JOURNAL OF COMPUTATIONAL AND APPLIED MATHEMATICS,2
Journal of Computational Design and Engineering,2
JOURNAL OF COMPUTATIONAL PHYSICS,2
Journal of Computers in Education,2
JOURNAL OF COMPUTING IN CIVIL ENGINEERING,2
Journal of Conservation and Museum Studies,2
JOURNAL OF CONSTRUCTION ENGINEERING AND MANAGEMENT,2
Journal of Constructional Steel Research,2
JOURNAL OF CONSUMER RESEARCH,2
JOURNAL OF CONTEMPORARY ASIA,2
Journal of Contemporary China,2
Journal of Contemporary East Asia Studies,2
JOURNAL OF CONTEMPORARY HISTORY,2
Journal of Contemporary Religion,2
Journal of Contextual Behavioral Science,2
Journal of Cosmology and Astroparticle Physics,2
JOURNAL OF CRANIO-MAXILLOFACIAL SURGERY,2
JOURNAL OF CREATIVE BEHAVIOR,2
JOURNAL OF CRIMINAL JUSTICE,2
Journal of Criminal Psychology,2
Journal of Critical Realism,2
Journal of Crohns & Colitis,2
JOURNAL OF CROSS-CULTURAL PSYCHOLOGY,2
JOURNAL OF CULTURAL HERITAGE,2
Journal of Current Southeast Asian Affairs,2
JOURNAL OF CURRICULUM STUDIES,2
Journal of Cystic Fibrosis,2
Journal of Data and Information Science,2
JOURNAL OF DENTISTRY,2
Journal of Design History,2
JOURNAL OF EARLY CHRISTIAN STUDIES,2
Journal of Early Modern History,2
Journal of Early Modern Studies,2
JOURNAL OF EAST ASIAN LINGUISTICS,2
Journal of Eating Disorders,2
JOURNAL OF ECCLESIASTICAL HISTORY,2
Journal of Econometrics,2
JOURNAL OF ECONOMIC ENTOMOLOGY,2
JOURNAL OF ECONOMIC GEOGRAPHY,2
JOURNAL OF ECONOMIC GROWTH,2
Journal of Economic Inequality,2
Journal of Economic Policy Reform,2
JOURNAL OF ECONOMIC PSYCHOLOGY,2
JOURNAL OF ECONOMIC SURVEYS,2
Journal of Educational Change,2
JOURNAL OF EDUCATIONAL COMPUTING RESEARCH,2
JOURNAL OF EGYPTIAN ARCHAEOLOGY,2
JOURNAL OF ENDOCRINOLOGICAL INVESTIGATION,2
JOURNAL OF ENDODONTICS,2
JOURNAL OF ENDOUROLOGY,2
Journal of Energy Storage,2
JOURNAL OF ENGINEERING DESIGN,2
JOURNAL OF ENGINEERING EDUCATION,2
JOURNAL OF ENGLISH AND GERMANIC PHILOLOGY,2
Journal of English as a Lingua Franca,2
JOURNAL OF ENGLISH LINGUISTICS,2
Journal of Environmental Chemical Engineering,2
JOURNAL OF ENVIRONMENTAL ECONOMICS AND MANAGEMENT,2
Journal of Environmental Informatics,2
Journal of Environmental Management,2
Journal of Environmental Sciences,2
JOURNAL OF ENZYME INHIBITION AND MEDICINAL CHEMISTRY,2
JOURNAL OF EPIDEMIOLOGY,2
JOURNAL OF EPIDEMIOLOGY AND COMMUNITY HEALTH,2
Journal of Ethics,2
JOURNAL OF ETHNIC AND MIGRATION STUDIES,2
Journal of Ethnobiology and Ethnomedicine,2
JOURNAL OF ETHNOPHARMACOLOGY,2
Journal of Evidence Based Medicine,2
JOURNAL OF EXPERIMENTAL BIOLOGY,2
JOURNAL OF EXPERIMENTAL BOTANY,2
Journal of Experimental Criminology,2
Journal of Experimental Political Science,2
JOURNAL OF EXPERIMENTAL SOCIAL PSYCHOLOGY,2
JOURNAL OF FAMILY COMMUNICATION,2
Journal of Family Nursing,2
JOURNAL OF FAMILY PSYCHOLOGY,2
Journal of Family Theory & Review,2
JOURNAL OF FELINE MEDICINE AND SURGERY,2
Journal of Field Robotics,2
JOURNAL OF FINANCIAL AND QUANTITATIVE ANALYSIS,2
Journal of Financial Counseling and Planning,2
JOURNAL OF FINANCIAL INTERMEDIATION,2
Journal of Financial Stability,2
JOURNAL OF FLUID MECHANICS,2
JOURNAL OF FLUIDS AND STRUCTURES,2
JOURNAL OF FOOD COMPOSITION AND ANALYSIS,2
JOURNAL OF FOOD ENGINEERING,2
Journal of Functional Foods,2
Journal of Fungi,2
JOURNAL OF GENERAL INTERNAL MEDICINE,2
Journal of Genocide Research,2
JOURNAL OF GEODESY,2
Journal of Geographical Sciences,2
Journal of Geographical Systems,2
JOURNAL OF GEOGRAPHY,2
JOURNAL OF GEOMETRIC ANALYSIS,2
JOURNAL OF GEOPHYSICAL RESEARCH-ATMOSPHERES,2
JOURNAL OF GEOPHYSICAL RESEARCH-EARTH SURFACE,2
JOURNAL OF GEOPHYSICAL RESEARCH-OCEANS,2
JOURNAL OF GEOPHYSICAL RESEARCH-PLANETS,2
JOURNAL OF GEOPHYSICAL RESEARCH-SOLID EARTH,2
JOURNAL OF GEOPHYSICAL RESEARCH-SPACE PHYSICS,2
JOURNAL OF GEOTECHNICAL AND GEOENVIRONMENTAL ENGINEERING,2
Journal of Germanic Linguistics,2
Journal of Ginseng Research,2
Journal of Global Security Studies,2
Journal of Global Slavery,2
JOURNAL OF GRAPH THEORY,2
Journal of Greek Linguistics,2
Journal of Gynecologic Oncology,2
JOURNAL OF HAND SURGERY-AMERICAN VOLUME,2
Journal of Happiness Studies,2
JOURNAL OF HEALTH ECONOMICS,2
JOURNAL OF HEALTH POLITICS POLICY AND LAW,2
Journal of Healthcare Leadership,2
JOURNAL OF HEREDITY,2
JOURNAL OF HIGH ENERGY PHYSICS,2
Journal of Higher Education Policy and Management,2
JOURNAL OF HISTORICAL GEOGRAPHY,2
Journal of Homotopy and Related Structures,2
Journal of Hospitality Leisure Sport & Tourism Education,2
Journal of Hydrology-Regional Studies,2
Journal of Iberian and Latin American Studies,2
JOURNAL OF IMPERIAL AND COMMONWEALTH HISTORY,2
JOURNAL OF INDIAN PHILOSOPHY,2
JOURNAL OF INFECTION,2
JOURNAL OF INFECTIOUS DISEASES,2
Journal of Information Display,2
Journal of Information Technology & Politics,2
Journal of Informetrics,2
JOURNAL OF INHERITED METABOLIC DISEASE,2
JOURNAL OF INORGANIC BIOCHEMISTRY,2
JOURNAL OF INSECT PHYSIOLOGY,2
Journal of Institutional Economics,2
Journal of Integrative Medicine-JIM,2
Journal of Intellectual Capital,2
JOURNAL OF INTELLIGENT MANUFACTURING,2
Journal of Intensive Care,2
JOURNAL OF INTERACTIVE MARKETING,2
Journal of International and Intercultural Communication,2
Journal of International Business Policy,2
Journal of International Criminal Justice,2
JOURNAL OF INTERNATIONAL ECONOMIC LAW,2
Journal of International Financial Markets Institutions & Money,2
JOURNAL OF INTERNATIONAL MARKETING,2
Journal of International Relations and Development,2
Journal of Intervention and Statebuilding,2
JOURNAL OF INVERTEBRATE PATHOLOGY,2
JOURNAL OF INVESTIGATIVE DERMATOLOGY,2
JOURNAL OF IRON AND STEEL RESEARCH INTERNATIONAL,2
Journal of Islamic Archaeology,2
Journal of Islamic Studies,2
Journal of Island & Coastal Archaeology,2
Journal of Italian Cinema and Media Studies,2
Journal of Jesuit Studies,2
Journal of Jewish Languages,2
JOURNAL OF JEWISH STUDIES,2
Journal of King Saud University-Computer and Information Sciences,2
Journal of Knowledge Management,2
Journal of Language Aggression and Conflict,2
Journal of Language and Politics,2
Journal of Language and Sexuality,2
JOURNAL OF LANGUAGE AND SOCIAL PSYCHOLOGY,2
Journal of Language Evolution,2
Journal of Late Antiquity,2
Journal of Law and the Biosciences,2
JOURNAL OF LEARNING DISABILITIES,2
Journal of Legal Analysis,2
JOURNAL OF LIGHTWAVE TECHNOLOGY,2
JOURNAL OF LINGUISTICS,2
JOURNAL OF LIPID RESEARCH,2
Journal of Literary Theory,2
JOURNAL OF MAGNETIC RESONANCE IMAGING,2
JOURNAL OF MANAGEMENT INFORMATION SYSTEMS,2
Journal of Management Science and Engineering,2
JOURNAL OF MARKETING RESEARCH,2
JOURNAL OF MARRIAGE AND FAMILY,2
Journal of Mass Spectrometry and Advances in the Clinical Lab,2
JOURNAL OF MATERIAL CULTURE,2
Journal of Materials Chemistry A,2
Journal of Materials Research and Technology-JMR&T,2
Journal of Materiomics,2
Journal of Mathematics Teacher Education,2
JOURNAL OF MEDICAL ENTOMOLOGY,2
JOURNAL OF MEDICAL ETHICS,2
JOURNAL OF MEDICAL GENETICS,2
JOURNAL OF MEDICAL INTERNET RESEARCH,2
JOURNAL OF MEDIEVAL AND EARLY MODERN STUDIES,2
JOURNAL OF MEDIEVAL HISTORY,2
Journal of Medieval Iberian Studies,2
Journal of Mediterranean Archaeology,2
Journal of Membrane Science Letters,2
JOURNAL OF MEMORY AND LANGUAGE,2
JOURNAL OF METAMORPHIC GEOLOGY,2
Journal of Minimally Invasive Gynecology,2
Journal of Modern Dynamics,2
Journal of Modern Power Systems and Clean Energy,2
JOURNAL OF MOLECULAR AND CELLULAR CARDIOLOGY,2
JOURNAL OF MOLECULAR BIOLOGY,2
Journal of Molecular Cell Biology,2
JOURNAL OF MOLECULAR LIQUIDS,2
Journal of Molecular Structure,2
Journal of Moral Philosophy,2
JOURNAL OF MULTIVARIATE ANALYSIS,2
JOURNAL OF MUSICOLOGY,2
Journal of Nanostructure in Chemistry,2
JOURNAL OF NATURAL PRODUCTS,2
JOURNAL OF NEAR EASTERN STUDIES,2
JOURNAL OF NETWORK AND COMPUTER APPLICATIONS,2
JOURNAL OF NEURO-ONCOLOGY,2
Journal of Neurodevelopmental Disorders,2
Journal of Neurogastroenterology and Motility,2
Journal of NeuroInterventional Surgery,2
JOURNAL OF NEUROLOGY,2
JOURNAL OF NEUROSCIENCE,2
JOURNAL OF NEUROSURGERY,2
JOURNAL OF NEUROSURGERY-SPINE,2
JOURNAL OF NEUROTRAUMA,2
JOURNAL OF NON-EQUILIBRIUM THERMODYNAMICS,2
Journal of Nonlinear and Variational Analysis,2
JOURNAL OF NONLINEAR OPTICAL PHYSICS & MATERIALS,2
JOURNAL OF NONLINEAR SCIENCE,2
Journal of Nuclear Materials,2
Journal of Nursing Management,2
Journal of Nutrition Health & Aging,2
JOURNAL OF NUTRITIONAL BIOCHEMISTRY,2
JOURNAL OF OCCUPATIONAL AND ORGANIZATIONAL PSYCHOLOGY,2
Journal of Ocean University of China,2
Journal of Oceanology and Limnology,2
Journal of Open Archaeology Data,2
JOURNAL OF OPERATIONS MANAGEMENT,2
Journal of Optical Communications and Networking,2
Journal of Oral Microbiology,2
JOURNAL OF ORAL REHABILITATION,2
JOURNAL OF ORGANIC CHEMISTRY,2
JOURNAL OF ORTHOPAEDIC & SPORTS PHYSICAL THERAPY,2
Journal of Orthopaedics and Traumatology,2
Journal of Ovarian Research,2
JOURNAL OF PAIN,2
JOURNAL OF PAIN AND SYMPTOM MANAGEMENT,2
Journal of Palaeogeography-English,2
JOURNAL OF PATHOLOGY,2
Journal of Pathology Clinical Research,2
Journal of Pediatric Surgery,2
JOURNAL OF PEDIATRICS,2
JOURNAL OF PERIODONTOLOGY,2
JOURNAL OF PERSONALITY,2
JOURNAL OF PETROLEUM SCIENCE AND ENGINEERING,2
JOURNAL OF PETROLOGY,2
JOURNAL OF PHILOSOPHICAL LOGIC,2
JOURNAL OF PHOTOCHEMISTRY AND PHOTOBIOLOGY A-CHEMISTRY,2
JOURNAL OF PHOTOCHEMISTRY AND PHOTOBIOLOGY B-BIOLOGY,2
JOURNAL OF PHYSICAL CHEMISTRY A,2
JOURNAL OF PHYSICAL CHEMISTRY B,2
Journal of Physical Chemistry Letters,2
Journal of Physics-Complexity,2
JOURNAL OF PHYSIOLOGY-LONDON,2
Journal of Pipeline Science and Engineering,2
JOURNAL OF PLANNING LITERATURE,2
JOURNAL OF PLANT PHYSIOLOGY,2
JOURNAL OF POLICY MODELING,2
Journal of Politeness Research-Language Behaviour Culture,2
Journal of Politics in Latin America,2
JOURNAL OF POPULAR FILM AND TELEVISION,2
Journal of Popular Television,2
JOURNAL OF POPULATION ECONOMICS,2
Journal of Positive Psychology,2
Journal of Product and Brand Management,2
JOURNAL OF PROFESSIONAL NURSING,2
JOURNAL OF PROTEOME RESEARCH,2
JOURNAL OF PSYCHIATRIC RESEARCH,2
JOURNAL OF PSYCHIATRY & NEUROSCIENCE,2
JOURNAL OF PSYCHOLINGUISTIC RESEARCH,2
JOURNAL OF PUBLIC AFFAIRS EDUCATION,2
Journal of Purchasing and Supply Management,2
JOURNAL OF QUALITY TECHNOLOGY,2
JOURNAL OF QUANTITATIVE CRIMINOLOGY,2
Journal of Radio & Audio Media,2
JOURNAL OF RECONSTRUCTIVE MICROSURGERY,2
JOURNAL OF REFRACTIVE SURGERY,2
JOURNAL OF REGIONAL SCIENCE,2
JOURNAL OF RELIGION & HEALTH,2
Journal of Religious Education,2
JOURNAL OF RENAL NUTRITION,2
Journal of Research in Applied Linguistics,2
Journal of Research in Interactive Marketing,2
JOURNAL OF RESEARCH IN PERSONALITY,2
JOURNAL OF RESEARCH ON ADOLESCENCE,2
JOURNAL OF RETAILING,2
JOURNAL OF RISK AND INSURANCE,2
Journal of Roman Archaeology,2
JOURNAL OF SAFETY RESEARCH,2
Journal of Safety Science and Resilience,2
Journal of Saudi Chemical Society,2
JOURNAL OF SCIENCE AND MEDICINE IN SPORT,2
Journal of Science Education and Technology,2
Journal of Science-Advanced Materials and Devices,2
JOURNAL OF SCIENTIFIC COMPUTING,2
Journal of Screenwriting,2
JOURNAL OF SERVICE RESEARCH,2
JOURNAL OF SEX RESEARCH,2
Journal of Sexual Medicine,2
JOURNAL OF SHOULDER AND ELBOW SURGERY,2
JOURNAL OF SMALL ANIMAL PRACTICE,2
JOURNAL OF SMALL BUSINESS MANAGEMENT,2
JOURNAL OF SOCIAL HISTORY,2
JOURNAL OF SOCIOLINGUISTICS,2
JOURNAL OF SOUND AND VIBRATION,2
JOURNAL OF SOUTHERN HISTORY,2
Journal of Space Weather and Space Climate,2
Journal of Specialised Translation,2
Journal of Spectral Theory,2
JOURNAL OF SPEECH LANGUAGE AND HEARING RESEARCH,2
JOURNAL OF SPORT MANAGEMENT,2
Journal of Statistical Software,2
JOURNAL OF STEROID BIOCHEMISTRY AND MOLECULAR BIOLOGY,2
JOURNAL OF STORED PRODUCTS RESEARCH,2
JOURNAL OF STRENGTH AND CONDITIONING RESEARCH,2
Journal of Structural Biology-X,2
Journal of Studies in International Education,2
Journal of Substance Use & Addiction Treatment,2
Journal of Sufi Studies,2
Journal of Supply Chain Management,2
Journal of Sustainable Tourism,2
Journal of Systematics and Evolution,2
JOURNAL OF SYSTEMS AND SOFTWARE,2
JOURNAL OF TECHNOLOGY TRANSFER,2
JOURNAL OF THE ACADEMY OF MARKETING SCIENCE,2
JOURNAL OF THE ACM,2
Journal of the American College of Radiology,2
JOURNAL OF THE AMERICAN COLLEGE OF SURGEONS,2
JOURNAL OF THE AMERICAN GERIATRICS SOCIETY,2
Journal of the American Medical Directors Association,2
JOURNAL OF THE AMERICAN MEDICAL INFORMATICS ASSOCIATION,2
Journal of the American Philosophical Association,2
JOURNAL OF THE AMERICAN PLANNING ASSOCIATION,2
JOURNAL OF THE AMERICAN PSYCHOANALYTIC ASSOCIATION,2
JOURNAL OF THE AMERICAN STATISTICAL ASSOCIATION,2
JOURNAL OF THE BRITISH SOCIETY FOR PHENOMENOLOGY,2
Journal of the Civil War Era,2
JOURNAL OF THE ENERGY INSTITUTE,2
JOURNAL OF THE EUROPEAN ACADEMY OF DERMATOLOGY AND VENEREOLOGY,2
Journal of the European Ceramic Society,2
Journal of the European Economic Association,2
JOURNAL OF THE HISTORY OF BIOLOGY,2
Journal of the History of Collections,2
Journal of the History of Economic Thought,2
JOURNAL OF THE HISTORY OF IDEAS,2
Journal of the Institute of Mathematics of Jussieu,2
Journal of the International AIDS Society,2
Journal of the International Phonetic Association,2
Journal of the International Society of Sports Nutrition,2
JOURNAL OF THE LEARNING SCIENCES,2
JOURNAL OF THE LONDON MATHEMATICAL SOCIETY-SECOND SERIES,2
JOURNAL OF THE MECHANICS AND PHYSICS OF SOLIDS,2
Journal of the National Comprehensive Cancer Network,2
Journal of the Philosophy of History,2
Journal of the Royal Society Interface,2
JOURNAL OF THE ROYAL SOCIETY OF MEDICINE,2
JOURNAL OF THE SOCIETY OF ARCHITECTURAL HISTORIANS,2
Journal of the Taiwan Institute of Chemical Engineers,2
JOURNAL OF THE WARBURG AND COURTAULD INSTITUTES,2
JOURNAL OF THERMAL BIOLOGY,2
JOURNAL OF THORACIC AND CARDIOVASCULAR SURGERY,2
Journal of Tissue Engineering,2
Journal of Topology,2
JOURNAL OF TOXICOLOGY AND ENVIRONMENTAL HEALTH-PART B-CRITICAL REVIEWS,2
Journal of Traffic and Transportation Engineering-English Edition,2
Journal of Translational Autoimmunity,2
Journal of Translational Internal Medicine,2
Journal of Translational Medicine,2
Journal of Trauma and Acute Care Surgery,2
JOURNAL OF TRAVEL MEDICINE,2
JOURNAL OF URBAN HEALTH-BULLETIN OF THE NEW YORK ACADEMY OF MEDICINE,2
Journal of Urban Management,2
JOURNAL OF UROLOGY,2
JOURNAL OF VASCULAR SURGERY,2
Journal of Vascular Surgery-Venous and Lymphatic Disorders,2
JOURNAL OF VESTIBULAR RESEARCH-EQUILIBRIUM & ORIENTATION,2
Journal of Veterinary Cardiology,2
JOURNAL OF VETERINARY INTERNAL MEDICINE,2
Journal of Virology,2
JOURNAL OF WIND ENGINEERING AND INDUSTRIAL AERODYNAMICS,2
Journal of World Christianity,2
JOURNAL OF WORLD HISTORY,2
Journal of Youth Studies,2
Journal of Zhejiang University-SCIENCE A,2
Journal of Zhejiang University-SCIENCE B,2
JOURNAL OF ZOOLOGICAL SYSTEMATICS AND EVOLUTIONARY RESEARCH,2
Journalism,2
Journalism and Media,2
Journalism Practice,2
JOURNALS OF GERONTOLOGY SERIES A-BIOLOGICAL SCIENCES AND MEDICAL SCIENCES,2
JOURNALS OF GERONTOLOGY SERIES B-PSYCHOLOGICAL SCIENCES AND SOCIAL SCIENCES,2
JUSTICE QUARTERLY,2
KANT-STUDIEN,2
Kantian Review,2
Kidney International Reports,2
Kidney International Supplements,2
KNEE SURGERY SPORTS TRAUMATOLOGY ARTHROSCOPY,2
KONSTHISTORISK TIDSKRIFT,2
Korean Journal of Orthodontics,2
Korean Journal of Pain,2
KOREAN JOURNAL OF RADIOLOGY,2
LAB ANIMAL,2
LAB ON A CHIP,2
LABORATORY INVESTIGATION,2
Laboratory Phonology,2
LABOUR ECONOMICS,2
Lancet Regional Health - Southeast Asia,2
Lancet Regional Health-Americas,2
LAND DEGRADATION & DEVELOPMENT,2
LANDSCAPE ECOLOGY,2
Landslides,2
LANGMUIR,2
LANGUAGE,2
LANGUAGE & COMMUNICATION,2
Language Acquisition,2
Language and Education,2
Language and Intercultural Communication,2
Language and Linguistics Compass,2
Language and Literature,2
LANGUAGE AND SPEECH,2
Language Awareness,2
Language Dynamics and Change,2
LANGUAGE LEARNING & TECHNOLOGY,2
Language Learning and Development,2
Language Policy,2
LANGUAGE SCIENCES,2
LANGUAGE SPEECH AND HEARING SERVICES IN SCHOOLS,2
Language Teaching,2
Language Testing,2
Languages,2
LATE IMPERIAL CHINA,2
LATIN AMERICAN POLITICS AND SOCIETY,2
LAW & SOCIETY REVIEW,2
LAW AND HUMAN BEHAVIOR,2
LAW AND PHILOSOPHY,2
LEARNING ENVIRONMENTS RESEARCH,2
LEGAL AND CRIMINOLOGICAL PSYCHOLOGY,2
Leiden Journal of International Law,2
LEISURE SCIENCES,2
LETTERS IN MATHEMATICAL PHYSICS,2
Leviathan-A Journal of Melville Studies,2
Lexikos,2
LGBT Health,2
LIMNOLOGY AND OCEANOGRAPHY,2
LINGUA,2
Linguistic Approaches to Bilingualism,2
Linguistic Landscape-An International Journal,2
LINGUISTIC REVIEW,2
LINGUISTICS,2
Linguistics and Education,2
Linguistics of the Tibeto-Burman Area,2
Linguistics Vanguard,2
Lipids in Health and Disease,2
Literature Compass,2
LITHOS,2
LIVER INTERNATIONAL,2
LIVER TRANSPLANTATION,2
LONG RANGE PLANNING,2
LUNG CANCER,2
Lupus Science & Medicine,2
mAbs,2
Machine Intelligence Research,2
Machine Learning-Science and Technology,2
MAMMAL REVIEW,2
Management Accounting Research,2
MANAGEMENT SCIENCE,2
MARINE AND PETROLEUM GEOLOGY,2
Marine Drugs,2
MARINE GEOLOGY,2
Marine Policy,2
Marine Pollution Bulletin,2
MARINE STRUCTURES,2
Maritime Transport Research,2
Mass Communication and Society,2
MASS SPECTROMETRY REVIEWS,2
MATCH-COMMUNICATIONS IN MATHEMATICAL AND IN COMPUTER CHEMISTRY,2
MATERIALS & DESIGN,2
MATERIALS CHARACTERIZATION,2
Materials Horizons,2
MATERIALS SCIENCE AND ENGINEERING A-STRUCTURAL MATERIALS PROPERTIES MICROSTRUCTURE AND PROCESSING,2
Materials Today Advances,2
Materials Today Chemistry,2
Materials Today Energy,2
Materials Today Nano,2
Materials Today Physics,2
Maternal and Child Nutrition,2
Mathematical Population Studies,2
MATHEMATICAL PROGRAMMING,2
Mathematical Programming Computation,2
MATHEMATICS AND COMPUTERS IN SIMULATION,2
MATHEMATISCHE ANNALEN,2
MATHEMATISCHE ZEITSCHRIFT,2
MATURITAS,2
MAYO CLINIC PROCEEDINGS,2
mBio,2
MEASUREMENT,2
MECHANISMS OF AGEING AND DEVELOPMENT,2
Media and Communication,2
MEDIA CULTURE & SOCIETY,2
MEDIA PSYCHOLOGY,2
Media War and Conflict,2
MEDICAL ANTHROPOLOGY QUARTERLY,2
MEDICAL CARE,2
MEDICAL MICROBIOLOGY AND IMMUNOLOGY,2
MEDICINE & SCIENCE IN SPORTS & EXERCISE,2
Medicine Health Care and Philosophy,2
Mediterranean Historical Review,2
Mediterranean Journal of Mathematics,2
MEMOIRS OF THE AMERICAN MATHEMATICAL SOCIETY,2
Memory Studies,2
Men and Masculinities,2
Metabolic Engineering Communications,2
Metal Music Studies,2
METAPHOR AND SYMBOL,2
Methods in Ecology and Evolution,2
METROPOLITAN MUSEUM JOURNAL,2
MFS-Modern Fiction Studies,2
MICHIGAN LAW REVIEW,2
Microbial Biotechnology,2
Microbial Cell Factories,2
Microbial Genomics,2
MICROBIOLOGICAL RESEARCH,2
MICROBIOLOGY AND MOLECULAR BIOLOGY REVIEWS,2
Microbiology Spectrum,2
MICROCHEMICAL JOURNAL,2
MICROCHIMICA ACTA,2
Microorganisms,2
Migration Studies,2
Milan Journal of Mathematics,2
Mind Culture and Activity,2
Mindfulness,2
MINDS AND MACHINES,2
MINERALS ENGINEERING,2
Minerva Urology and Nephrology,2
MIS QUARTERLY,2
MITTEILUNGEN DES KUNSTHISTORISCHEN INSTITUTES IN FLORENZ,2
mLife,2
MNEMOSYNE,2
Mobilities,2
MODERN ASIAN STUDIES,2
MODERN DRAMA,2
Modern Intellectual History,2
MODERN JUDAISM,2
Modern Theology,2
MOLECULAR & CELLULAR PROTEOMICS,2
MOLECULAR AND CELLULAR ENDOCRINOLOGY,2
MOLECULAR ASPECTS OF MEDICINE,2
MOLECULAR BIOLOGY OF THE CELL,2
Molecular Biomedicine,2
MOLECULAR CANCER RESEARCH,2
MOLECULAR CANCER THERAPEUTICS,2
MOLECULAR DIVERSITY,2
MOLECULAR GENETICS AND METABOLISM,2
Molecular Horticulture,2
MOLECULAR MEDICINE,2
Molecular Metabolism,2
MOLECULAR NEUROBIOLOGY,2
Molecular Oncology,2
MOLECULAR PHARMACEUTICS,2
Molecular Therapy Methods & Clinical Development,2
Molecular Therapy Nucleic Acids,2
Molecular Therapy Oncolytics,2
MONIST,2
MONTHLY NOTICES OF THE ROYAL ASTRONOMICAL SOCIETY,2
Motivation Science,2
mSphere,2
mSystems,2
Mucosal Immunology,2
MULTIBODY SYSTEM DYNAMICS,2
Multilingua-Journal of Cross-Cultural and Interlanguage Communication,2
Multiple Sclerosis Journal,2
MUSIC PERCEPTION,2
Music Sound and the Moving Image,2
Music Theory Online,2
Musicologist,2
MUTATION RESEARCH-REVIEWS IN MUTATION RESEARCH,2
Muzikologija-Musicology,2
MycoKeys,2
MYCOLOGIA,2
Mycology-An International Journal On Fungal Biology,2
MYCOPATHOLOGIA,2
MYCORRHIZA,2
MYCOSES,2
Myrmecological News,2
NAGOYA MATHEMATICAL JOURNAL,2
Nano Convergence,2
Nano Energy,2
NANO LETTERS,2
Nano Today,2
Nanophotonics,2
Nanoscale Horizons,2
National Accounting Review,2
Nations and Nationalism,2
Natural Gas Industry B,2
NATURAL HAZARDS AND EARTH SYSTEM SCIENCES,2
NATURAL LANGUAGE & LINGUISTIC THEORY,2
Natural Language Semantics,2
Natural Products and Bioprospecting,2
Natural Resources Research,2
Nature Protocols,2
NDT & E INTERNATIONAL,2
Neizvestnyi Dostoevskii-The Unknown Dostoevsky,2
NeoBiota,2
NEOPLASIA,2
NEPHROLOGY DIALYSIS TRANSPLANTATION,2
Netherlands Quarterly of Human Rights,2
Neural Development,2
NEURAL NETWORKS,2
Neural Regeneration Research,2
NEUROBIOLOGY OF DISEASE,2
Neurobiology of Stress,2
NEUROCOMPUTING,2
Neurocritical Care,2
NEUROIMAGE,2
NeuroImage-Clinical,2
NEUROPATHOLOGY AND APPLIED NEUROBIOLOGY,2
NEUROPHARMACOLOGY,2
Neurophotonics,2
NEUROPSYCHOPHARMACOLOGY,2
NEUROREHABILITATION AND NEURAL REPAIR,2
Neuroscience Bulletin,2
NEUROSURGERY,2
Neurosurgical Focus,2
Neurotherapeutics,2
NEW ASTRONOMY REVIEWS,2
New Biotechnology,2
NEW GERMAN CRITIQUE,2
NEW LEFT REVIEW,2
NEW LITERARY HISTORY,2
New Review of Film and Television Studies,2
NEW TECHNOLOGY WORK AND EMPLOYMENT,2
NEW TESTAMENT STUDIES,2
NEW THEATRE QUARTERLY,2
NEW YORK UNIVERSITY LAW REVIEW,2
NINETEENTH CENTURY MUSIC,2
Non-coding RNA Research,2
Nondestructive Testing and Evaluation,2
NONLINEAR DYNAMICS,2
NONLINEARITY,2
NONPROFIT AND VOLUNTARY SECTOR QUARTERLY,2
Nonprofit Management & Leadership,2
Nordicom Review,2
NORMA,2
NORTHWESTERN UNIVERSITY LAW REVIEW,2
Norwegian Archaeological Review,2
NOTES,2
NOVUM TESTAMENTUM,2
Novye Issledovaniya Tuvy-New Research of Tuva,2
NPG Asia Materials,2
npj 2D Materials and Applications,2
npj Aging,2
npj Breast Cancer,2
npj Clean Water,2
npj Genomic Medicine,2
npj Materials Degradation,2
NPJ Microgravity,2
npj Primary Care Respiratory Medicine,2
npj Science of Learning,2
npj Systems Biology and Applications,2
npj Vaccines,2
NUCLEAR DATA SHEETS,2
Nuclear Materials and Energy,2
Nucleic Acid Therapeutics,2
NUCLEIC ACIDS RESEARCH,2
NUMEN-INTERNATIONAL REVIEW FOR THE HISTORY OF RELIGIONS,2
Nuncius-Journal of the History of Science,2
Nurse Education in Practice,2
NURSE EDUCATION TODAY,2
NURSING OUTLOOK,2
Nutrients,2
Nutrition & Diabetes,2
Nutrition & Metabolism,2
Nutrition Journal,2
NUTRITION RESEARCH REVIEWS,2
NUTRITION REVIEWS,2
Obesity,2
Obesity Reviews,2
OBSTETRICS AND GYNECOLOGY,2
OCCUPATIONAL AND ENVIRONMENTAL MEDICINE,2
OCEAN & COASTAL MANAGEMENT,2
Ocean Engineering,2
OCEAN MODELLING,2
Oido Pensante,2
OIKOS,2
OMEGA-INTERNATIONAL JOURNAL OF MANAGEMENT SCIENCE,2
Oncogenesis,2
OncoImmunology,2
ONCOLOGIST,2
One Health,2
Open Biology,2
Open Library of Humanities,2
Open Linguistics,2
OPHTHALMIC AND PHYSIOLOGICAL OPTICS,2
Ophthalmology Retina,2
OPTICS AND LASER TECHNOLOGY,2
OPTICS AND LASERS IN ENGINEERING,2
OPTICS EXPRESS,2
OPTICS LETTERS,2
Opuscula-Annual of the Swedish Institutes at Athens and Rome,2
Oral History Review,2
ORAL ONCOLOGY,2
ORE GEOLOGY REVIEWS,2
Organic Chemistry Frontiers,2
ORGANISMS DIVERSITY & EVOLUTION,2
ORGANIZATION SCIENCE,2
ORGANIZATIONAL BEHAVIOR AND HUMAN DECISION PROCESSES,2
Oriens,2
Ornithological Applications,2
Orphanet Journal of Rare Diseases,2
Orthopaedics & Traumatology-Surgery & Research,2
OSIRIS,2
OSTEOPOROSIS INTERNATIONAL,2
OUD HOLLAND,2
OUTLOOK ON AGRICULTURE,2
Oxford Journal of Archaeology,2
Oxford Journal of Legal Studies,2
PACIFIC PHILOSOPHICAL QUARTERLY,2
PACIFIC REVIEW,2
Pacific-Basin Finance Journal,2
PAEDIATRIC AND PERINATAL EPIDEMIOLOGY,2
Pain and Therapy,2
PAKISTAN VETERINARY JOURNAL,2
PALAEOGEOGRAPHY PALAEOCLIMATOLOGY PALAEOECOLOGY,2
PALAEONTOLOGY,2
PaleoAmerica,2
PALEOBIOLOGY,2
Paleoceanography and Paleoclimatology,2
Palestine Exploration Quarterly,2
PALLIATIVE MEDICINE,2
Pancreatology,2
Papers in Palaeontology,2
Parasites & Vectors,2
PARTY POLITICS,2
Patterns,2
Peacebuilding,2
PEDIATRIC ALLERGY AND IMMUNOLOGY,2
Pediatric Critical Care Medicine,2
PEDIATRIC DIABETES,2
PEDIATRICS,2
PEDOSPHERE,2
People and Nature,2
Performance Enhancement & Health,2
PERSONALITY AND INDIVIDUAL DIFFERENCES,2
PERSONALITY AND SOCIAL PSYCHOLOGY BULLETIN,2
Personality Disorders-Theory Research and Treatment,2
Perspectives in Ecology and Conservation,2
PERSPECTIVES IN PLANT ECOLOGY EVOLUTION AND SYSTEMATICS,2
Perspectives on Behavior Science,2
PERSPECTIVES ON SEXUAL AND REPRODUCTIVE HEALTH,2
Perspectives-Studies in Translation Theory and Practice,2
Petroleum,2
PHARMACOLOGICAL RESEARCH,2
Phenomics,2
Philological Encounters,2
Philosophical Explorations,2
PHILOSOPHY,2
Philosophy of Music Education Review,2
PHILOSOPHY OF SCIENCE,2
Philosophy Psychiatry & Psychology,2
PHONETICA,2
PHRONESIS-A JOURNAL FOR ANCIENT PHILOSOPHY,2
PHYSICA A-STATISTICAL MECHANICS AND ITS APPLICATIONS,2
Physical Education and Sport Pedagogy,2
PHYSICAL REVIEW A,2
Physical Review Applied,2
PHYSICAL REVIEW B,2
PHYSICAL REVIEW C,2
PHYSICAL REVIEW D,2
Physical Review Physics Education Research,2
Physical Review Research,2
Physics & Imaging in Radiation Oncology,2
PHYSICS LETTERS B,2
PHYSICS OF FLUIDS,2
Physics of the Dark Universe,2
PHYSIOLOGIA PLANTARUM,2
PHYSIOLOGY,2
PHYTOCHEMISTRY,2
PHYTOCHEMISTRY REVIEWS,2
PHYTOPATHOLOGY,2
Phytopathology Research,2
PHYTOTHERAPY RESEARCH,2
Pituitary,2
Planetary Science Journal,2
Planning Theory & Practice,2
PLANT AND CELL PHYSIOLOGY,2
PLANT AND SOIL,2
PLANT BIOLOGY,2
PLANT CELL REPORTS,2
PLANT DISEASE,2
PLANT FOODS FOR HUMAN NUTRITION,2
Plant Genome,2
Plant Methods,2
PLANT PHYSIOLOGY AND BIOCHEMISTRY,2
PLANT SCIENCE,2
Plant Stress,2
Plants People Planet,2
Plants-Basel,2
PLASMA PHYSICS AND CONTROLLED FUSION,2
PLASMA SOURCES SCIENCE & TECHNOLOGY,2
PLASTIC AND RECONSTRUCTIVE SURGERY,2
PLoS Computational Biology,2
PLoS Genetics,2
PLoS Neglected Tropical Diseases,2
PMLA-PUBLICATIONS OF THE MODERN LANGUAGE ASSOCIATION OF AMERICA,2
POETICS,2
POETICS TODAY,2
Polar-Political and Legal Anthropology Review,2
Police Quarterly,2
POLICY AND POLITICS,2
Policy and Society,2
Policy Reviews in Higher Education,2
POLICY SCIENCES,2
POLICY STUDIES JOURNAL,2
POLIS,2
Political Research Exchange,2
Political Science Research and Methods,2
POLITICAL STUDIES,2
POLITICAL THEORY,2
Politics,2
Politics & Gender,2
Politics and Governance,2
POLYMER,2
Polymer Chemistry,2
POLYMER COMPOSITES,2
Polymer Reviews,2
POLYMER TESTING,2
Popular Communication,2
Popular Music,2
Population Health Metrics,2
Population Space and Place,2
POPULATION STUDIES-A JOURNAL OF DEMOGRAPHY,2
Porcine Health Management,2
POST-SOVIET AFFAIRS,2
POULTRY SCIENCE,2
POWDER TECHNOLOGY,2
PRECAMBRIAN RESEARCH,2
PRECISION AGRICULTURE,2
Precision Clinical Medicine,2
PRECISION ENGINEERING-JOURNAL OF THE INTERNATIONAL SOCIETIES FOR PRECISION ENGINEERING AND NANOTECHNOLOGY,2
PRENATAL DIAGNOSIS,2
PRESLIA,2
PREVENTION SCIENCE,2
Preventive Medicine,2
PREVENTIVE VETERINARY MEDICINE,2
Probability Surveys,2
PROBABILITY THEORY AND RELATED FIELDS,2
Probiotics and Antimicrobial Proteins,2
Problemy Istoricheskoi Poetiki,2
Problemy Muzykalnoi Nauki-Music Scholarship,2
PROCEEDINGS OF THE COMBUSTION INSTITUTE,2
PROCEEDINGS OF THE JAPAN ACADEMY SERIES B-PHYSICAL AND BIOLOGICAL SCIENCES,2
PROCEEDINGS OF THE NUTRITION SOCIETY,2
PROCEEDINGS OF THE ROYAL SOCIETY B-BIOLOGICAL SCIENCES,2
Proceedings of the VLDB Endowment,2
PROCESS SAFETY AND ENVIRONMENTAL PROTECTION,2
Professional Development in Education,2
PROGRESS IN CARDIOVASCULAR DISEASES,2
PROGRESS IN CHEMISTRY,2
PROGRESS IN CRYSTAL GROWTH AND CHARACTERIZATION OF MATERIALS,2
Progress in Electromagnetics Research-PIER,2
PROGRESS IN NEURO-PSYCHOPHARMACOLOGY & BIOLOGICAL PSYCHIATRY,2
PROGRESS IN NEUROBIOLOGY,2
PROGRESS IN NUCLEAR MAGNETIC RESONANCE SPECTROSCOPY,2
PROGRESS IN ORGANIC COATINGS,2
Progress in Orthodontics,2
PROGRESS IN PHOTOVOLTAICS,2
PROGRESS IN QUANTUM ELECTRONICS,2
PROGRESS IN SOLID STATE CHEMISTRY,2
Project Management Journal,2
Propulsion and Power Research,2
PROSTATE CANCER AND PROSTATIC DISEASES,2
PSICOTHEMA,2
PSYCHIATRIC SERVICES,2
PSYCHIATRY AND CLINICAL NEUROSCIENCES,2
PSYCHO-ONCOLOGY,2
PSYCHOANALYTIC QUARTERLY,2
PSYCHOLOGICAL ASSESSMENT,2
PSYCHOLOGICAL MEDICINE,2
PSYCHOLOGY & MARKETING,2
PSYCHOLOGY AND AGING,2
PSYCHOLOGY AND PSYCHOTHERAPY-THEORY RESEARCH AND PRACTICE,2
PSYCHOLOGY OF ADDICTIVE BEHAVIORS,2
Psychology of Aesthetics Creativity and the Arts,2
Psychology of Men & Masculinities,2
Psychology of Religion and Spirituality,2
Psychology of Sexual Orientation and Gender Diversity,2
PSYCHOLOGY OF SPORT AND EXERCISE,2
PSYCHOLOGY OF WOMEN QUARTERLY,2
PSYCHOLOGY PUBLIC POLICY AND LAW,2
PSYCHOMETRIKA,2
PSYCHONEUROENDOCRINOLOGY,2
PSYCHONOMIC BULLETIN & REVIEW,2
PSYCHOPHYSIOLOGY,2
Psychosocial Intervention,2
PSYCHOTHERAPY RESEARCH,2
PUBLIC ADMINISTRATION,2
Public Management Review,2
PUBLIC OPINION QUARTERLY,2
Public Relations Inquiry,2
PUBLIC UNDERSTANDING OF SCIENCE,2
PUBLICATIONS OF THE RESEARCH INSTITUTE FOR MATHEMATICAL SCIENCES,2
PUBLIUS-THE JOURNAL OF FEDERALISM,2
Pulmonology,2
PUNISHMENT & SOCIETY-INTERNATIONAL JOURNAL OF PENOLOGY,2
Quaerendo-A Journal Devoted to Manuscripts and Printed Books,2
QUALITATIVE HEALTH RESEARCH,2
Qualitative Research in Psychology,2
Qualitative Research in Sport Exercise and Health,2
Qualitative Sociology,2
Qualitative Theory of Dynamical Systems,2
Quality Technology and Quantitative Management,2
Quantitative Economics,2
Quantitative Finance and Economics,2
Quantitative InfraRed Thermography Journal,2
Quantum Science and Technology,2
QUARTERLY REVIEW OF BIOLOGY,2
QUARTERLY REVIEWS OF BIOPHYSICS,2
Quaternary Science Reviews,2
R & D MANAGEMENT,2
Race and Justice,2
Race and Social Problems,2
Radiation Oncology,2
RADICAL PHILOSOPHY,2
Radiologia Medica,2
Radiology-Imaging Cancer,2
RADIOTHERAPY AND ONCOLOGY,2
Railway Engineering Science,2
RAND JOURNAL OF ECONOMICS,2
REDOX REPORT,2
Regenerative Biomaterials,2
Regional and Federal Studies,2
REGIONAL ANESTHESIA AND PAIN MEDICINE,2
Regional Environmental Change,2
REGIONAL SCIENCE AND URBAN ECONOMICS,2
REGIONAL STUDIES,2
Regional Sustainability,2
RELIGION,2
Religion and Theology-A Journal of Contemporary Religious Discourse,2
Religion Brain & Behavior,2
Religion Compass,2
Religions,2
RELIGIOUS STUDIES,2
Remote Sensing,2
Remote Sensing in Ecology and Conservation,2
Renaissance Studies,2
REPORTS ON PROGRESS IN PHYSICS,2
REPRODUCTION,2
Reproductive Biology and Endocrinology,2
REPRODUCTIVE BIOMEDICINE ONLINE,2
Reproductive Health,2
RESEARCH AND PRACTICE FOR PERSONS WITH SEVERE DISABILITIES,2
Research Ethics,2
RESEARCH IN AFRICAN LITERATURES,2
Research in Dance Education,2
Research in Developmental Disabilities,2
Research in International Business and Finance,2
Research in Social & Administrative Pharmacy,2
RESEARCH IN THE TEACHING OF ENGLISH,2
Research in Transportation Business and Management,2
Research in Transportation Economics,2
Research Integrity and Peer Review,2
Research on Child and Adolescent Psychopathology,2
Research Synthesis Methods,2
RESPIRATORY RESEARCH,2
RESPIROLOGY,2
Results in Engineering,2
Results in Physics,2
RETHINKING HISTORY,2
Review of Environmental Economics and Policy,2
Review of Finance,2
REVIEW OF GENERAL PSYCHOLOGY,2
REVIEW OF HIGHER EDUCATION,2
REVIEW OF INTERNATIONAL POLITICAL ECONOMY,2
Review of Managerial Science,2
Review of Public Personnel Administration,2
Review of Religion and Chinese Society,2
REVIEW OF RELIGIOUS RESEARCH,2
Review of Research in Education,2
Review of Symbolic Logic,2
REVIEWS IN ENDOCRINE & METABOLIC DISORDERS,2
REVIEWS IN ENVIRONMENTAL SCIENCE AND BIO-TECHNOLOGY,2
REVIEWS IN MEDICAL VIROLOGY,2
Revista de Cancioneros Impresos y Manuscritos,2
Revista de Historia Economica,2
Revista de la Real Academia de Ciencias Exactas Fisicas y Naturales Serie A-Matematicas,2
REVISTA ESPANOLA DE CARDIOLOGIA,2
Revista Iberoamericana de Psicologia y Salud,2
Revista Latina de Comunicacion Social,2
Revista Matematica Complutense,2
REVISTA MATEMATICA IBEROAMERICANA,2
REVUE BIBLIQUE,2
Rhetoric Review,2
Rhetoric Society Quarterly,2
RHETORICA-A JOURNAL OF THE HISTORY OF RHETORIC,2
RHEUMATOLOGY,2
RHINOLOGY,2
Rice Science,2
RIDE-The Journal of Applied Theatre and Performance,2
RIVISTA DEL NUOVO CIMENTO,2
RMD Open,2
ROBOTICS AND AUTONOMOUS SYSTEMS,2
Rock and Soil Mechanics,2
Romanticism,2
RSF-The Russell Sage Journal of the Social Sciences,2
RUSSIAN CHEMICAL REVIEWS,2
RUSSIAN JOURNAL OF MATHEMATICAL PHYSICS,2
RUSSIAN LINGUISTICS,2
RUSSIAN REVIEW,2
SAE International Journal of Vehicle Dynamics Stability and NVH,2
SAFETY SCIENCE,2
Scandinavian Journal of Disability Research,2
SCANDINAVIAN JOURNAL OF HISTORY,2
SCANDINAVIAN JOURNAL OF MEDICINE & SCIENCE IN SPORTS,2
Scandinavian Journal of Trauma Resuscitation & Emergency Medicine,2
SCANDINAVIAN JOURNAL OF WORK ENVIRONMENT & HEALTH,2
SCANDINAVIAN POLITICAL STUDIES,2
Schizophrenia,2
Schizophrenia Research,2
School Leadership & Management,2
School Psychology,2
SCHOOL PSYCHOLOGY REVIEW,2
Science and Medicine in Football,2
SCIENCE AS CULTURE,2
SCIENCE EDUCATION,2
Science of Remote Sensing,2
Science of The Total Environment,2
Scientia et Fides,2
SCIENTIA HORTICULTURAE,2
Scientific Data,2
SCIENTIFIC STUDIES OF READING,2
SciPost Physics,2
SciPost Physics Core,2
SCIRES-IT-SCIentific RESearch and Information Technology,2
SCREEN,2
SCRIPTA MATERIALIA,2
Scripta Theologica,2
Sculpture Journal,2
SECOND LANGUAGE RESEARCH,2
SEDIMENTOLOGY,2
Selecta Mathematica-New Series,2
SEMINARS IN ARTHRITIS AND RHEUMATISM,2
SEMINARS IN CANCER BIOLOGY,2
SEMINARS IN CELL & DEVELOPMENTAL BIOLOGY,2
SEMINARS IN HEMATOLOGY,2
SEMINARS IN IMMUNOLOGY,2
SEMINARS IN NUCLEAR MEDICINE,2
SEMINARS IN PERINATOLOGY,2
Seminars in Vascular Surgery,2
Sensing and Bio-Sensing Research,2
Sensors and Actuators Reports,2
SEPARATION AND PURIFICATION REVIEWS,2
SEPARATION AND PURIFICATION TECHNOLOGY,2
SERVICE INDUSTRIES JOURNAL,2
SEX ROLES,2
SEXUAL ABUSE-A JOURNAL OF RESEARCH AND TREATMENT,2
Sexual and Reproductive Health Matters,2
Sexual Medicine Reviews,2
Sexuality Research and Social Policy,2
SHAKESPEARE QUARTERLY,2
She Ji-The Journal of Design Economics and Innovation,2
SIAM Journal on Applied Algebra and Geometry,2
SIAM JOURNAL ON CONTROL AND OPTIMIZATION,2
SIAM JOURNAL ON DISCRETE MATHEMATICS,2
SIAM JOURNAL ON MATRIX ANALYSIS AND APPLICATIONS,2
SIAM JOURNAL ON OPTIMIZATION,2
SIAM JOURNAL ON SCIENTIFIC COMPUTING,2
SIGNAL PROCESSING,2
SIGNS,2
Signs and Society,2
Skeletal Muscle,2
SLAVIC REVIEW,2
SLEEP,2
Sleep Health,2
SLEEP MEDICINE,2
Small,2
Small Methods,2
Small Science,2
Small Structures,2
Smart Agricultural Technology,2
Smart Learning Environments,2
Snippets,2
SOCIAL & CULTURAL GEOGRAPHY,2
Social and Personality Psychology Compass,2
Social Cognitive and Affective Neuroscience,2
SOCIAL COMPASS,2
Social Epistemology,2
SOCIAL NETWORKS,2
Social Policy and Society,2
SOCIAL PROBLEMS,2
SOCIAL PSYCHIATRY AND PSYCHIATRIC EPIDEMIOLOGY,2
Social Psychological and Personality Science,2
Social Psychology of Education,2
SOCIAL PSYCHOLOGY QUARTERLY,2
SOCIAL SCIENCE & MEDICINE,2
SOCIAL SCIENCE RESEARCH,2
Social Semiotics,2
SOCIAL STUDIES OF SCIENCE,2
Socio-Economic Review,2
SOCIOLOGIA RURALIS,2
SOCIOLOGICAL FORUM,2
SOCIOLOGICAL METHODS & RESEARCH,2
SOCIOLOGICAL REVIEW,2
Sociology Compass,2
SOCIOLOGY OF HEALTH & ILLNESS,2
Sociology of Race and Ethnicity,2
SOCIOLOGY-THE JOURNAL OF THE BRITISH SOCIOLOGICAL ASSOCIATION,2
Soft Robotics,2
Soil,2
SOIL DYNAMICS AND EARTHQUAKE ENGINEERING,2
Soil Ecology Letters,2
Soils and Foundations,2
Solar Energy,2
SOLAR ENERGY MATERIALS AND SOLAR CELLS,2
Solid Earth,2
Sound Studies,2
SOUTH AFRICAN ARCHAEOLOGICAL BULLETIN,2
SOUTHERN JOURNAL OF PHILOSOPHY,2
SPACE POLICY,2
SPACE SCIENCE REVIEWS,2
SPACE WEATHER-THE INTERNATIONAL JOURNAL OF RESEARCH AND APPLICATIONS,2
Spatial Statistics,2
SPECTROCHIMICA ACTA PART A-MOLECULAR AND BIOMOLECULAR SPECTROSCOPY,2
SPECTROCHIMICA ACTA PART B-ATOMIC SPECTROSCOPY,2
SPINE,2
SPORT EDUCATION AND SOCIETY,2
Sport Exercise and Performance Psychology,2
Sport Management Review,2
Sports Coaching Review,2
Sports Medicine-Open,2
SSM-Population Health,2
STATISTICS AND COMPUTING,2
Statistics Surveys,2
Stem Cell Research & Therapy,2
Stem Cells Translational Medicine,2
Stochastics and Partial Differential Equations-Analysis and Computations,2
Strategic Entrepreneurship Journal,2
STRESS AND HEALTH,2
Stroke and Vascular Neurology,2
Structural Change and Economic Dynamics,2
Structural Control & Health Monitoring,2
STRUCTURAL HEALTH MONITORING-AN INTERNATIONAL JOURNAL,2
STRUCTURAL SAFETY,2
STRUCTURE,2
Structures,2
Studia Metrica et Poetica,2
STUDIES IN APPLIED MATHEMATICS,2
Studies in Educational Evaluation,2
STUDIES IN FAMILY PLANNING,2
STUDIES IN HIGHER EDUCATION,2
STUDIES IN HISTORY AND PHILOSOPHY OF SCIENCE,2
STUDIES IN PHILOLOGY,2
STUDIES IN ROMANTICISM,2
Studies in Russian and Soviet Cinema,2
STUDIES IN THE NOVEL,2
STUF-Language Typology and Universals,2
STYLE,2
SUICIDE AND LIFE-THREATENING BEHAVIOR,2
SUPPLY CHAIN MANAGEMENT-AN INTERNATIONAL JOURNAL,2
SURFACE & COATINGS TECHNOLOGY,2
SURGERY,2
Surgery for Obesity and Related Diseases,2
SURGICAL ENDOSCOPY AND OTHER INTERVENTIONAL TECHNIQUES,2
SURVEY OF OPHTHALMOLOGY,2
SURVEYS IN GEOPHYSICS,2
SusMat,2
Sustainability Science,2
Sustainability-Science Practice and Policy,2
Sustainable Chemistry and Pharmacy,2
SUSTAINABLE DEVELOPMENT,2
Sustainable Energy Grids & Networks,2
Sustainable Energy Technologies and Assessments,2
Sustainable Materials and Technologies,2
Swarm and Evolutionary Computation,2
Swiss Journal of Palaeontology,2
SYNTHESE,2
SYSTEMATIC AND APPLIED MICROBIOLOGY,2
TALANTA,2
TAXON,2
TDR-The Drama Review-The Journal of Performance Studies,2
Technical Communication Quarterly,2
TECHNOLOGY AND CULTURE,2
TECHNOLOGY IN SOCIETY,2
TECHNOMETRICS,2
TECTONICS,2
TECTONOPHYSICS,2
TELECOMMUNICATIONS POLICY,2
TELEMATICS AND INFORMATICS,2
Television & New Media,2
Terrae Incognitae-The Journal of the Society for the History of Discoveries,2
TERRORISM AND POLITICAL VIOLENCE,2
TEXAS LAW REVIEW,2
Text and Performance Quarterly,2
THEATRE NOTEBOOK,2
THEATRE SURVEY,2
THEOLOGICAL STUDIES,2
THEORETICAL AND APPLIED FRACTURE MECHANICS,2
Theoretical and Applied Mechanics Letters,2
THEORETICAL CRIMINOLOGY,2
THEORETICAL LINGUISTICS,2
THEORY AND PRACTICE OF LOGIC PROGRAMMING,2
THEORY AND RESEARCH IN SOCIAL EDUCATION,2
THEORY AND SOCIETY,2
THEORY CULTURE & SOCIETY,2
Therapeutic Advances in Medical Oncology,2
Therapeutic Advances in Neurological Disorders,2
THERIOGENOLOGY,2
Thermal Science and Engineering Progress,2
THIN-WALLED STRUCTURES,2
Thinking Skills and Creativity,2
Third Text,2
THIRD WORLD QUARTERLY,2
THROMBOSIS AND HAEMOSTASIS,2
Ticks and Tick-Borne Diseases,2
TIME & SOCIETY,2
Tissue Engineering Part B-Reviews,2
TOBACCO CONTROL,2
Topics in Cognitive Science,2
Topics in Current Chemistry,2
TOPOI-AN INTERNATIONAL REVIEW OF PHILOSOPHY,2
Tourism Management Perspectives,2
Tourism Review,2
TRADITIO-STUDIES IN ANCIENT AND MEDIEVAL HISTORY THOUGHT AND RELIGION,2
TRANSACTIONS OF NONFERROUS METALS SOCIETY OF CHINA,2
TRANSACTIONS OF THE AMERICAN MATHEMATICAL SOCIETY,2
Transactions of the Association for Computational Linguistics,2
Transactions of the London Mathematical Society,2
Transboundary and Emerging Diseases,2
Transforming Anthropology,2
TRANSFUSION MEDICINE REVIEWS,2
Translation & Interpreting-The International Journal of Translation and Interpreting,2
Translation and Interpreting Studies,2
Translation and Literature,2
Translation and Translanguaging in Multilingual Contexts,2
Translation Studies,2
Translational Psychiatry,2
Translational Research,2
Translational Stroke Research,2
Translational Vision Science & Technology,2
Translator,2
Transnational Environmental Law,2
TRANSPLANTATION,2
Transplantation Reviews,2
Transportation Geotechnics,2
TRANSPORTATION RESEARCH PART F-TRAFFIC PSYCHOLOGY AND BEHAVIOUR,2
TRANSPORTATION SCIENCE,2
Transportmetrica B-Transport Dynamics,2
TREE PHYSIOLOGY,2
Trees Forests and People,2
TRENDS IN CARDIOVASCULAR MEDICINE,2
Trends in Environmental Analytical Chemistry,2
Trends in Hearing,2
TRENDS IN IMMUNOLOGY,2
Trends in Neuroscience and Education,2
TRENDS IN PARASITOLOGY,2
TSINGHUA SCIENCE AND TECHNOLOGY,2
TULSA STUDIES IN WOMENS LITERATURE,2
Tumour Virus Research,2
Tungsten,2
TWMS Journal of Pure and Applied Mathematics,2
Tyndale Bulletin,2
UCLA LAW REVIEW,2
ULTRASCHALL IN DER MEDIZIN,2
ULTRASONICS,2
Ultrasound Journal,2
United European Gastroenterology Journal,2
URBAN AFFAIRS REVIEW,2
Urban Climate,2
URBAN FORESTRY & URBAN GREENING,2
USER MODELING AND USER-ADAPTED INTERACTION,2
Utilitas,2
VALUE IN HEALTH,2
VANDERBILT LAW REVIEW,2
VEGETATION HISTORY AND ARCHAEOBOTANY,2
VEHICLE SYSTEM DYNAMICS,2
Vehicular Communications,2
Vertebrate Zoology,2
VETERINARY ANAESTHESIA AND ANALGESIA,2
Veterinary and Comparative Oncology,2
VETERINARY CLINICS OF NORTH AMERICA-SMALL ANIMAL PRACTICE,2
VETERINARY DERMATOLOGY,2
VETERINARY JOURNAL,2
VETERINARY MICROBIOLOGY,2
VETERINARY PATHOLOGY,2
VETERINARY QUARTERLY,2
VETERINARY RESEARCH,2
VETERINARY SURGERY,2
VICTORIAN LITERATURE AND CULTURE,2
Victorian Periodicals Review,2
VIRCHOWS ARCHIV,2
VIROLOGICA SINICA,2
Virtual Archaeology Review,2
VIRTUAL REALITY,2
Visual Communication,2
Visual Informatics,2
VIVARIUM-AN INTERNATIONAL JOURNAL FOR THE PHILOSOPHY AND INTELLECTUAL LIFE OF THE MIDDLE AGES AND RENAISSANCE,2
VLDB JOURNAL,2
Voprosy Leksikografii-Russian Journal of Lexicography,2
Wacana Seni-Journal of Art Discourse,2
Waste Management,2
Water Research X,2
WATER RESOURCES MANAGEMENT,2
WATER RESOURCES RESEARCH,2
WEAR,2
Weather and Climate Dynamics,2
WEED SCIENCE,2
Welt des Islams,2
WILDLIFE MONOGRAPHS,2
Wiley Interdisciplinary Reviews-Cognitive Science,2
Wiley Interdisciplinary Reviews-Computational Molecular Science,2
Wiley Interdisciplinary Reviews-Computational Statistics,2
Wiley Interdisciplinary Reviews-Nanomedicine and Nanobiotechnology,2
Wiley Interdisciplinary Reviews-RNA,2
Willdenowia,2
WIREs Mechanisms of Disease,2
Women and Birth,2
Womens Studies in Communication,2
WOOD SCIENCE AND TECHNOLOGY,2
WORD & IMAGE,2
Word Structure,2
WORD-JOURNAL OF THE INTERNATIONAL LINGUISTIC ASSOCIATION,2
Work Aging and Retirement,2
World Allergy Organization Journal,2
World Englishes,2
World Journal of Pediatrics,2
World Journal of Traditional Chinese Medicine,2
WORLD JOURNAL OF UROLOGY,2
World of Music-New Series,2
World Trade Review,2
WORLDS POULTRY SCIENCE JOURNAL,2
Worldviews on Evidence-Based Nursing,2
Young,2
Zeitschrift fur Assyriologie und Vorderasiatische Archaologie,2
Zeitschrift fur Sprachwissenschaft,2
ZOOLOGICA SCRIPTA,2
ZOOLOGICAL JOURNAL OF THE LINNEAN SOCIETY,2
Zoonoses and Public Health,2
Zoosystematics and Evolution,2
